id,nom,adresse,ville,latitude,longitude,type,statut,url,image,description
AQUA-01,Aquacenter Beauvechain,Rue de la grande Lecke 4,Beauvechain,50.760565,4.7892911,Aquacenter PromoSport,Actif,https://www.promo-sport.be/fr/cours-natation,,"Aquacenter Beauvechain - Centre aquatique PromoSport (Beauvechain) : cours de natation, bébés nageurs, aquafitness et stages aquatiques."
AQUA-02,Aquacenter Bierges,Rue des Ramiers 17,Wavre,50.7217419,4.5788442,Aquacenter PromoSport,Actif,https://www.promo-sport.be/fr/cours-natation,,"Aquacenter Bierges - Centre aquatique PromoSport (Wavre) : cours de natation, bébés nageurs, aquafitness et stages aquatiques."
AQUA-03,Aquacenter Louvain-La-Neuve,Rue du Bois des Rêves 55,Ottignies-Louvain-la-Neuve,50.6560965,4.5872245,Aquacenter PromoSport,Actif,https://www.promo-sport.be/fr/cours-natation,,"Aquacenter Louvain-La-Neuve - Centre aquatique PromoSport (Ottignies-Louvain-la-Neuve) : cours de natation, bébés nageurs, aquafitness et stages aquatiques."
AQUA-04,Aquacenter Nil-Saint-Vincent,Rue Abbesse 63,Walhain,50.6372852,4.6615403,Aquacenter PromoSport,Actif,https://www.promo-sport.be/fr/cours-natation,,"Aquacenter Nil-Saint-Vincent - Centre aquatique PromoSport (Walhain) : cours de natation, bébés nageurs, aquafitness et stages aquatiques."
AQUA-05,Aquacenter Nivelles,Fbg de Mons 80,Nivelles,50.5919927,4.3159332,Aquacenter PromoSport,Actif,https://www.promo-sport.be/fr/cours-natation,,"Aquacenter Nivelles - Centre aquatique PromoSport (Nivelles) : cours de natation, bébés nageurs, aquafitness et stages aquatiques."
AQUA-06,Ottignies – Piscine du Christ-Roi,Rue de Renivaux 25,Ottignies-Louvain-la-Neuve,50.6630791,4.5775878,Piscine & Centre Partenaire,Actif,https://www.promo-sport.be/fr/cours-natation,,"Ottignies – Piscine du Christ-Roi - Centre aquatique PromoSport (Ottignies-Louvain-la-Neuve) : cours de natation, bébés nageurs, aquafitness et stages aquatiques."
AQUA-07,Aquacenter Wavre Nord,Chaussée de Bruxelles 320,Wavre,50.7311216,4.5907602,Aquacenter PromoSport,Actif,https://www.promo-sport.be/fr/cours-natation,,"Aquacenter Wavre Nord - Centre aquatique PromoSport (Wavre) : cours de natation, bébés nageurs, aquafitness et stages aquatiques."
AQUA-08,Aquacenter Wavre Sud,Avenue de Chèremont 49,Wavre,50.710167,4.624035,Aquacenter PromoSport,Actif,https://www.promo-sport.be/fr/cours-natation,,"Aquacenter Wavre Sud - Centre aquatique PromoSport (Wavre) : cours de natation, bébés nageurs, aquafitness et stages aquatiques."
AQUA-09,Aquacenter Eghezée,Chaussée de Namur 362,Éghezée,50.5393003,4.9063248,Aquacenter PromoSport,Actif,https://www.promo-sport.be/fr/cours-natation,,"Aquacenter Eghezée - Centre aquatique PromoSport (Éghezée) : cours de natation, bébés nageurs, aquafitness et stages aquatiques."
AQUA-10,Aquacenter Les Bons Villers,Chaussée de Bruxelles 551B,Frasnes-lez-Gosselies,50.5313465,4.4544564,Aquacenter PromoSport,Actif,https://www.promo-sport.be/fr/cours-natation,,"Aquacenter Les Bons Villers - Centre aquatique PromoSport (Frasnes-lez-Gosselies) : cours de natation, bébés nageurs, aquafitness et stages aquatiques."
AQUA-11,Aquacenter Lobbes,Rue Paschal 15,Lobbes,50.3475421,4.2690421,Aquacenter PromoSport,Actif,https://www.promo-sport.be/fr/cours-natation,,"Aquacenter Lobbes - Centre aquatique PromoSport (Lobbes) : cours de natation, bébés nageurs, aquafitness et stages aquatiques."
AQUA-12,Aquacenter Nalinnes,Rue Nicolas Monnom 65,Nalinnes,50.3410702,4.4455534,Aquacenter PromoSport,Actif,https://www.promo-sport.be/fr/cours-natation,,"Aquacenter Nalinnes - Centre aquatique PromoSport (Nalinnes) : cours de natation, bébés nageurs, aquafitness et stages aquatiques."
AQUA-13,Aquacenter Liège,Avenue de Péville 176,Liège,50.6281426,5.5969565,Aquacenter PromoSport,Actif,https://www.promo-sport.be/fr/cours-natation,,"Aquacenter Liège - Centre aquatique PromoSport (Liège) : cours de natation, bébés nageurs, aquafitness et stages aquatiques."
AQUA-14,Piscine Galiembad – La Calamine,Patronagestraße 53,Kelmis,50.719881,6.0132197,Piscine & Centre Partenaire,Actif,https://www.promo-sport.be/fr/cours-natation,,"Piscine Galiembad – La Calamine - Centre aquatique PromoSport (Kelmis) : cours de natation, bébés nageurs, aquafitness et stages aquatiques."
AQUA-15,Aquacenter Neder-Over-Heembeek,Rue Bruyn 105,Bruxelles,50.903813,4.38629,Aquacenter PromoSport,Actif,https://www.promo-sport.be/fr/cours-natation,,"Aquacenter Neder-Over-Heembeek - Centre aquatique PromoSport (Bruxelles) : cours de natation, bébés nageurs, aquafitness et stages aquatiques."
AQUA-16,Woluwe-Saint-Lambert – Hall des sports,Avenue Jacques Brel 30,Woluwe-Saint-Lambert,50.8496775,4.4351308,Piscine & Centre Partenaire,Actif,https://www.promo-sport.be/fr/cours-natation,,"Woluwe-Saint-Lambert – Hall des sports - Centre aquatique PromoSport (Woluwe-Saint-Lambert) : cours de natation, bébés nageurs, aquafitness et stages aquatiques."
AQUA-17,Woluwe-Saint-Pierre – Sportcity,Avenue Salomé 2,Woluwe-Saint-Pierre,50.8308409,4.4552962,Piscine & Centre Partenaire,Actif,https://www.promo-sport.be/fr/cours-natation,,"Woluwe-Saint-Pierre – Sportcity - Centre aquatique PromoSport (Woluwe-Saint-Pierre) : cours de natation, bébés nageurs, aquafitness et stages aquatiques."
