WKT,Remorque,Ville-remorque,Localisation-remorque,Axe-remorque,Direction-remorque,Direction-out,Province,GPS,Active,Photo-IN,Photo-OUT,Maintenance,Lien
,0.0, Remorque non listée,,,,,,,Y,,,,https://remorquepublicitaire.be/remorque/0
"POINT (4.371622 50.593471)",102.0,Nivelles,Sud Thines,N93/N237 Nivelles-Namur,Namur,Nivelles,Brabant-Wallon,50.593471, 4.371622,Y,Photo/102IN-Quadrus-2021-07-763acb9c.Photo.090127.jpg,Photo/102OUT-Plumart-2021-07-90548003.Photo.090211.jpg,,https://remorquepublicitaire.be/remorque/102
"POINT (4.6379578 50.6547051)",105.0,Louvain-la-Neuve,Corbais,N4 LLN - Gembloux,Gembloux,LLN,Brabant-Wallon,50.6547051, 4.6379578,Y,Photo/183b17cd.Photo.114653.jpg,Photo/3e35518d.Photo.114554.jpg,,https://remorquepublicitaire.be/remorque/105
"POINT (4.6391863 50.7080391)",106.0,Wavre,Grez-Doiceau,N25 entrée Wavre,Grez,Wavre,Brabant-Wallon,50.7080391, 4.6391863,Y,Photo/9f4a5d8e.Photo.070211.jpg,Photo/106OUT-Institut Charles Péguy-2021-_2076647423207887011.Photo.083530.jpg,,https://remorquepublicitaire.be/remorque/106
"POINT (4.6322 50.700666)",107.0,Wavre,Grez-Doiceau,N25 entrée Wavre,Wavre,LLN,Brabant-Wallon,50.700666, 4.632200,Y,Photo/9cb1bad7.Photo.085241.jpg,Photo/107OUT-Majois-2021-07-f0ef3044.Photo.072706.jpg,,https://remorquepublicitaire.be/remorque/107
"POINT (4.7902295 50.7380474)",109.0,Jodoigne,Mélin,N240 - Beauvechain-Jodoigne,Beauvechain,Jodoigne,Brabant-Wallon,50.7380474, 4.7902295,Y,Photo/109IN-Continentis-2021-07-967ba0b6.Photo.130024.jpg,Photo/109OUT-Media See-2021-07-8de0e689.Photo.141942.jpg,,https://remorquepublicitaire.be/remorque/109
"POINT (4.7479605 50.7500607)",111.0,Beauvechain,Nodebais,N91 Hamme Mille - Beauvechain,Hamme,Éghezée,Brabant-Wallon,50.7500607, 4.7479605,Y,Photo/111IN-JM Karting-2021-07-ea7f80c0.Photo.140638.jpg,Photo/f97ba215.Photo.125402.jpg,,https://remorquepublicitaire.be/remorque/111
"POINT (4.824268 50.672514)",112.0,Incourt,Incourt,N91 Chée de Namur,Éghezée,Louvain,Brabant-Wallon,50.672514, 4.824268,Y,,,,https://remorquepublicitaire.be/remorque/112
"POINT (4.788775 50.643443)",113.0,Perwez,Perwez,N29 Chée de Charleroi,E411,Jodoigne,Brabant-Wallon,50.643443, 4.788775,Y,Remorques_Images/113.Photo-IN.084150.jpg,Remorques_Images/113.Photo-OUT.084150.jpg,,https://remorquepublicitaire.be/remorque/113
"POINT (5.082269 50.687542)",201.0,Hannut,Hannut-Saint Trond,N80 vers Landen,Saint-Trond,Hannut,Liège,50.687542, 5.082269,Y,Photo/4eea25ef.Photo.094145.jpg,Photo/e647a355.Photo.095432.jpg,,https://remorquepublicitaire.be/remorque/201
"POINT (5.190269 50.614977)",202.0,Hannut,Braives,N64 Chée de Tirlemont,E42,Hannut,Liège,50.614977, 5.190269,Y,Photo/b25810f2.Photo.145750.jpg,Photo/1ad5c34c.Photo.133027.jpg,,https://remorquepublicitaire.be/remorque/202
"POINT (5.187968 50.53861)",203.0,Huy,Wanze,N643 vers Wanze,E42,Éghezée,Liège,50.538610, 5.187968,Y,Photo/406IN-Continentis-2021-07-31465d76.Photo.151658.jpg,Photo/0b2a1ef1.Photo.132534.jpg,,https://remorquepublicitaire.be/remorque/203
"POINT (5.225375 50.5558925)",204.0,Huy,Vinalmont,N64 Chée de Tirlemont,E42,Huy,Liège,50.5558925, 5.225375,Y,Photo/204IN-JM Karting-2021-07-11e34d24.Photo.174742.jpg,Photo/ac6d252f.Photo.095916.jpg,,https://remorquepublicitaire.be/remorque/204
"POINT (5.2787161 50.5785938)",205.0,Huy,Villers-Le-Bouillet,N684 Rue de Tihange,E42,Huy,Liège,50.5785938, 5.2787161,Y,Photo/a9094079.Photo.141911.jpg,Photo/ca968452.Photo.072757.jpg,,https://remorquepublicitaire.be/remorque/205
"POINT (5.342853 50.5552874)",206.0,Huy,Ombret,N90 Huy-Liège,Huy,Seraing,Liège,50.5552874, 5.342853,Y,Photo/26a14b81.Photo.080429.jpg,Photo/ad478950.Photo.075352.jpg,,https://remorquepublicitaire.be/remorque/206
"POINT (5.2134954 50.504966)",207.0,Huy,Solière,N698 Chée de Dinant,Huy,Ohey,Liège,50.504966, 5.2134954,Y,Photo/207IN-Media See-2021-07-16afba40.Photo.162612.jpg,Photo/914d8bbd.Photo.110328.jpg,,https://remorquepublicitaire.be/remorque/207
"POINT (5.2823786 50.5025811)",208.0,Huy,Tihange,N66 route de Hamoir,Huy,Hamoir,Liège,50.5025811, 5.2823786,Y,Photo/208IN-Continentis-2021-07-cd65e32c.Photo.171723.jpg,Photo/d52f03a6.Photo.113011.jpg,,https://remorquepublicitaire.be/remorque/208
"POINT (5.2838123 50.4558408)",209.0,Huy,Pont de bonne,N641 Huy-Havelange,Huy,Havelange,Liège,50.4558408, 5.2838123,Y,Photo/209IN-Coco max-2021-07-a51d3f10.Photo.155932.jpg,,,https://remorquepublicitaire.be/remorque/209
"POINT (5.4381037 50.5373263)",210.0,Huy,Nandrin,N63 route de Liège,Liege,Marche-en-Famenne,Liège,50.5373263, 5.4381037,Y,Photo/360OUT-Louez moi-2021-07-5c55bd35.Photo.134205.jpg,Photo/cb4bf3d9.Photo.064822.jpg,,https://remorquepublicitaire.be/remorque/210
"POINT (5.3838211 50.4870402)",211.0,Huy,Soheit-Tinlot,N63 route de Marche,Liege,Marche-en-Famenne,Liège,50.4870402, 5.3838211,Y,Photo/347IN-Coco max-2021-07-a662a6bb.Photo.132658.jpg,Photo/308IN-Louez moi-2021-07-c42bc691.Photo.143031.jpg,,https://remorquepublicitaire.be/remorque/211
"POINT (5.3783682 50.6576435)",213.0,Fexhe-le-Haut-Clocher,Simonis,N637 - Grand Route,Bierset,Waremme,Liège,50.6576435, 5.3783682,Y,Photo/42027d42.Photo.102459.jpg,,,https://remorquepublicitaire.be/remorque/213
"POINT (5.370009 50.64533)",214.0,Fexhe-le-Haut-Clocher,Château d'eau Jeneffe,N614 vers E42,Amay,Tongres,Liège,50.645330, 5.370009,Y,Photo/317IN-Continentis-2021-07-e57887fa.Photo.125816.jpg,Photo/406OUT-Louez moi-2021-07-5a1569b5.Photo.125912.jpg,,https://remorquepublicitaire.be/remorque/214
"POINT (5.3803397 50.6631185)",215.0,Fexhe-le-Haut-Clocher,Noville,N614 vers E40,E40,Amay,Liège,50.6631185, 5.3803397,Y,Photo/46033302.Photo.134527.jpg,Photo/a093aacf.Photo.122202.jpg,,https://remorquepublicitaire.be/remorque/215
"POINT (5.2487463 50.6831557)",216.0,Waremme,Waremme 1,Rue de Huy - Waremme,Waremme,Huy,Liège,50.6831557, 5.2487463,Y,Photo/e8edf80d.Photo.095947.jpg,Photo/8831a6d5.Photo.100029.jpg,,https://remorquepublicitaire.be/remorque/216
"POINT (5.2688789 50.6417797)",217.0,Viemme,Viemme Rond-Point,N65 Rue de Huy,E42,Waremme,Liège,50.6417797, 5.2688789,Y,Photo/6c0a80a5.Photo.124031.jpg,Photo/cbcfe5a0.Photo.123651.jpg,,https://remorquepublicitaire.be/remorque/217
"POINT (5.377993 50.742834)",218.0,Oreye,Carrefour Otrange/Vechmaal,N69 Carrefour Otrange/Vechmaal,Veechmaal,Oreye,Liège,50.742834, 5.377993,Y,Photo/45b2f422.Photo.065118.jpg,,,https://remorquepublicitaire.be/remorque/218
"POINT (5.831109 50.4898065)",219.0,Spa,Marteau,N62 Theux,Theux,Spa,Liège,50.4898065, 5.831109,Y,Photo/330IN-JM Karting-2021-07-363960aa.Photo.113843.jpg,Photo/355IN-Plumart-2021-07-2a7a857e.Photo.113755.jpg,,https://remorquepublicitaire.be/remorque/219
"POINT (5.7669185 50.4879147)",220.0,Theux,Hautregard Haut,N697 Aywaille - Spa,Theux,Aywaille,Liège,50.4879147, 5.7669185,Y,Photo/341IN-- Client non listé --2021-07-d5d41075.Photo.120138.jpg,Photo/402OUT-Plumart-2021-07-f999d813.Photo.120252.jpg,,https://remorquepublicitaire.be/remorque/220
"POINT (5.780332 50.485117)",221.0,Theux,Hautregard Bas,N697 Aywaille - Spa,Spa,Aywaille,Liège,50.485117, 5.780332,Y,Photo/204OUT-Louez moi-2021-07-4ddb3b9c.Photo.113708.jpg,Photo/58bbe378.Photo.161513.jpg,,https://remorquepublicitaire.be/remorque/221
"POINT (5.6913981 50.5138469)",222.0,Sprimont,Sprimont - Theux,N678 Rond point Sprimoglass,Theux,Sprimont,Liège,50.5138469, 5.6913981,Y,Photo/0d5593f6.Photo.072635.jpg,Photo/204OUT-Louez moi-2021-07-3bea44df.Photo.113651.jpg,,https://remorquepublicitaire.be/remorque/222
"POINT (5.3747698 50.7185803)",224.0,Crisnee,Station Ledouble,N3 - Grand route,Liege,Saint-Trond,Liège,50.7185803, 5.3747698,Y,Photo/205IN-Plumart-2021-07-d161d2c0.Photo.072332.jpg,Photo/071d8c6d.Photo.132554.jpg,,https://remorquepublicitaire.be/remorque/224
"POINT (5.340069 50.392559)",225.0,Clavier,Bois-et-Borsu,N63 Chée de Liège,Marche-en-Famenne,Liège,Liège,50.392559, 5.340069,Y,,,,https://remorquepublicitaire.be/remorque/225
"POINT (5.8200972 50.4877871)",226.0,Theux,La Reid,N697 La Reid - Spa,Spa,Aywaille,Liège,50.4877871, 5.8200972,Y,Photo/506095fa.Photo.113724.jpg,Photo/328OUT-Plumart-2021-07-2415eaf7.Photo.113716.jpg,,https://remorquepublicitaire.be/remorque/226
"POINT (5.2487934 50.6833442)",227.0,Waremme,Waremme 2,Rue de Huy - Waremme,Waremme,Huy,Liège,50.6833442, 5.2487934,Y,Photo/0483cb9d.Photo.062405.jpg,,,https://remorquepublicitaire.be/remorque/227
"POINT (5.0608792 50.493674)",301.0,Andenne,Sclayn pas de garage,N90 vers Sclayn,Namur,Andenne,Namur,50.493674, 5.0608792,Y,Photo/a4c2bc12.Photo.085439.jpg,Photo/06aef410.Photo.130839.jpg,,https://remorquepublicitaire.be/remorque/301
"POINT (5.0817333 50.5162373)",302.0,Andenne,E42,Andenne-Eghezée,Andenne,Éghezée,Namur,50.5162373, 5.0817333,Y,Photo/302IN-Expert Literie-2021-07-15fcaa00.Photo.122915.jpg,Photo/302OUT-Quadrus-2021-07-db96d7a6.Photo.122924.jpg,,https://remorquepublicitaire.be/remorque/302
"POINT (5.1068777 50.4832583)",303.0,Andenne,Haute Bise,Andenne-Ciney,Ciney,Andenne,Namur,50.4832583, 5.1068777,Y,Photo/303IN-Condroz Motor-2021-07-ea142f36.Photo.122858.jpg,Photo/303OUT-Plumart-2021-07-41a71cc8.Photo.122907.jpg,,https://remorquepublicitaire.be/remorque/303
"POINT (5.1230849 50.4145111)",304.0,Andenne,Ohey,Andenne-Ciney,Andenne,Ciney,Namur,50.4145111, 5.1230849,Y,Photo/304IN-Plumart-2021-07-0d36c396.Photo.122849.jpg,Photo/304OUT-Poils & Plumes-2021-07-fa11f991.Photo.112109.jpg,,https://remorquepublicitaire.be/remorque/304
"POINT (5.0467466 50.5660903)",305.0,Andenne,Bierwart,Namur-Hannut,Fernelmont,Hannut,Namur,50.5660903, 5.0467466,Y,Photo/305IN-Plumart-2021-07-78bb3927.Photo.122932.jpg,Photo/305OUT-Louez moi-2021-07-eed0b0fb.Photo.141028.jpg,,https://remorquepublicitaire.be/remorque/305
"POINT (5.0560848 50.1394521)",306.0,Beauraing,Focant,Beauraing-Rochefort,Rochefort,Beauraing,Namur,50.1394521, 5.0560848,Y,Photo/306IN-JM Karting-2021-07-72751c99.Photo.103948.jpg,Photo/306OUT-Coco max-2021-07-4a852abb.Photo.104026.jpg,,https://remorquepublicitaire.be/remorque/306
"POINT (5.1380244 50.3254984)",307.0,Hamois,Hamois,Ciney-Havelange-Liège,Havelange,Ciney,Namur,50.3254984, 5.1380244,Y,Photo/307IN-Condroz Motor-2021-07-4a4339da.Photo.134155.jpg,Photo/307OUT-Poils & Plumes-2021-07-2861ce53.Photo.133916.jpg,,https://remorquepublicitaire.be/remorque/307
"POINT (5.0963554 50.2752797)",308.0,Ciney,Barcène,Ciney-Rochefort (entrée Ciney),Ciney,Rochefort,Namur,50.2752797, 5.0963554,Y,Photo/24951ce7.Photo.061152.jpg,Photo/308OUT-Poils & Plumes-2021-07-4533cac8.Photo.142034.jpg,,https://remorquepublicitaire.be/remorque/308
"POINT (5.0981109 50.305106)",309.0,Ciney,Lienne Bas,Ciney-Andenne (entrée Ciney),Ciney Centre,Andenne,Namur,50.305106, 5.0981109,Y,Photo/309IN-Expert Literie-2021-07-e8b46238.Photo.140235.jpg,Photo/309OUT-Occasion du Condroz-2021-07-3b7a4b88.Photo.140256.jpg,,https://remorquepublicitaire.be/remorque/309
"POINT (5.1194358 50.3075497)",310.0,Ciney,Biron Bas,Sortie Ciney vers N4 et Liège,N4,Ciney,Namur,50.3075497, 5.1194358,Y,Photo/310IN-Poils & Plumes-2021-07-f05e0d9b.Photo.095856.jpg,Photo/310OUT-Expert Literie-2021-07-efdb52ea.Photo.095904.jpg,,https://remorquepublicitaire.be/remorque/310
"POINT (5.1351671 50.3151511)",311.0,Ciney,Sanseau,N4 Namur - Marche,N4,Namur,Namur,50.3151511, 5.1351671,Y,Photo/311IN-Coco max-2021-07-c4135647.Photo.091839.jpg,Photo/311OUT-Poils & Plumes-2021-07-760a883e.Photo.095849.jpg,,https://remorquepublicitaire.be/remorque/311
"POINT (5.0129627 50.2613961)",312.0,Dinant,Sorinnes Achêne,N936 Dinant-Ciney,Ciney,Dinant,Namur,50.2613961, 5.0129627,Y,Photo/312IN-Coco max-2021-07-14d171f9.Photo.071311.jpg,Photo/312OUT-Louez moi-2021-07-3e32a78b.Photo.070018.jpg,,https://remorquepublicitaire.be/remorque/312
"POINT (4.9683081 50.261012)",313.0,Dinant,Sorinnes Zoning,N936 Dinant-Ciney,Dinant,Ciney,Namur,50.261012, 4.9683081,Y,Photo/313IN-JM Karting-2021-07-7af7f364.Photo.143807.jpg,Photo/313OUT-Coco max-2021-07-94e5cf5e.Photo.144134.jpg,,https://remorquepublicitaire.be/remorque/313
"POINT (4.960991 50.263099)",314.0,Dinant,Sorinnes Hopital,N937 Dinant-Ciney,Ciney,Dinant,Namur,50.263099, 4.960991,Y,Photo/314IN-Expert Literie-2021-07-b648a6ef.Photo.143457.jpg,Photo/314OUT-Coco max-2021-07-9629f697.Photo.070635.jpg,,https://remorquepublicitaire.be/remorque/314
"POINT (4.8903215 50.3014964)",315.0,Dinant,Anhée,N96 Dinant-Namur,Dinant,Namur,Namur,50.3014964, 4.8903215,Y,Photo/315IN-Expert Literie-2021-07-8ac0fbbf.Photo.100414.jpg,Photo/315OUT-New Teck-2021-07-ebd1383c.Photo.100331.jpg,,https://remorquepublicitaire.be/remorque/315
"POINT (4.898572 50.1907599)",316.0,Dinant,Falmignoul,N95 Dinant-Beauraing,Beauraing,Dinant,Namur,50.1907599, 4.898572,Y,Photo/316IN-Media See-2021-07-3cf980da.Photo.112705.jpg,Photo/316OUT-Louez moi-2021-07-d522d0e4.Photo.101347.jpg,,https://remorquepublicitaire.be/remorque/316
"POINT (4.7737902 50.2407844)",317.0,Dinant,Anthée,N97 Dinant-Philippeville,Philippeville,Dinant,Namur,50.2407844, 4.7737902,Y,Photo/21cf2bfb.Photo.134838.jpg,Photo/317OUT-I Love Printing-2021-07-107c202e.Photo.093446.jpg,,https://remorquepublicitaire.be/remorque/317
"POINT (4.9114519 50.581932)",320.0,Eghezée,Eghezée,N91 Chée de Namur,Eghezee,Namur,Namur,50.581932, 4.9114519,Y,Photo/320IN-Tom & Co Eghezee-2021-07-029835ee.Photo.080144.jpg,Photo/320OUT-New Teck-2021-07-e6f6e443.Photo.080157.jpg,,https://remorquepublicitaire.be/remorque/320
"POINT (4.860442 50.575197)",321.0,Eghezée,Longchamps N912,Saint-Denis - Eghezée,E411,Éghezée,Namur,50.575197, 4.860442,Y,Photo/321IN-Green Robot-2021-07-6bdd0231.Photo.083954.jpg,Photo/321OUT-Plumart-2021-07-c64f9e15.Photo.084354.jpg,,https://remorquepublicitaire.be/remorque/321
"POINT (4.790066 50.539585)",324.0,Gembloux,Meux,Chée d'Eghezée,E411,Gembloux,Namur,50.539585, 4.790066,Y,Photo/324IN-JM Karting-2021-07-d0ad07fb.Photo.141037.jpg,Photo/324OUT-Plumart-2021-07-1d20be1d.Photo.141045.jpg,,https://remorquepublicitaire.be/remorque/324
"POINT (4.6493314 50.5416541)",325.0,Gembloux,Corroy-le-Château,N29 Chée de Charleroi,Gembloux,Charleroi,Namur,50.5416541,4.6493314,Y,Photo/325IN-Expert Literie-2021-07-39768caf.Photo.141146.jpg,Photo/325OUT-Quadrus-2021-07-7d76e158.Photo.141138.jpg,,https://remorquepublicitaire.be/remorque/325
"POINT (4.7586424 50.5136363)",326.0,Gembloux,Carrefour Didi - Les Isnes,N912 - Route d'Éghezée,Eghezée,E42,Namur,50.5136363, 4.7586424,Y,Photo/326IN-Continentis-2021-07-15fd41ab.Photo.141053.jpg,Photo/326OUT-New Teck-2021-07-c4431466.Photo.141111.jpg,,https://remorquepublicitaire.be/remorque/326
"POINT (4.7608459 50.5208923)",327.0,Gembloux,Carrefour Didi - Gembloux,N4 - Chée de Namur,Namur,Gembloux,Namur,50.5208923, 4.7608459,Y,Photo/327IN-Plumart-2021-07-92083062.Photo.141130.jpg,Photo/327OUT-Institut Charles Péguy-2021-_12653400226386079186.Photo.071904.jpg,,https://remorquepublicitaire.be/remorque/327
"POINT (4.9058462 50.536964)",330.0,Namur,Waret-La-Chée - Leuze,Eghezée-Namur,Eghezee,E411 (Champion),Namur,50.536964, 4.9058462,Y,Photo/d62f0807.Photo.093934.jpg,Photo/330OUT-Plumart-2021-07-9e692b3c.Photo.073554.jpg,,https://remorquepublicitaire.be/remorque/330
"POINT (4.9209107 50.4862185)",331.0,Namur,Bouge,Namur-Hannut,Hannut,Namur,Namur,50.4862185, 4.9209107,Y,Photo/331IN-Plumart-2021-07-f55cdef1.Photo.070518.jpg,Photo/331OUT-Tonton tapis-2021-07-857ecb95.Photo.070433.jpg,,https://remorquepublicitaire.be/remorque/331
"POINT (4.8107028 50.450562)",332.0,Namur,Flawinne,Floreffe-Namur,Namur,Floreffe,Namur,50.450562, 4.8107028,Y,Photo/332IN-Plumart-2021-07-d7ed8174.Photo.121941.jpg,Photo/332OUT-I Love Printing-2021-07-c25bad48.Photo.122017.jpg,,https://remorquepublicitaire.be/remorque/332
"POINT (4.8304734 50.4488541)",333.0,Namur,Malonne - Tonton Tapis,Namur-Floreffe,Floreffe,Namur,Namur,50.4488541, 4.8304734,Y,Photo/333IN-Plumart-2021-07-29150047.Photo.123416.jpg,Photo/333OUT-New Teck-2021-07-0d31f823.Photo.123347.jpg,,https://remorquepublicitaire.be/remorque/333
"POINT (4.7878357 50.4927261)",334.0,Namur,Rhisnes,Gembloux-Namur (entrée Namur),Namur,Gembloux,Namur,50.4927261, 4.7878357,Y,Photo/334IN-Plumart-2021-07-f901c1af.Photo.084540.jpg,,,https://remorquepublicitaire.be/remorque/334
"POINT (4.7495484 50.4885326)",335.0,Namur,Temploux,Sombreffe-Namur (entrée Namur),Namur,Nivelles,Namur,50.4885326, 4.7495484,Y,Photo/335IN-Tonton tapis-2021-07-9c6e563a.Photo.084555.jpg,Photo/335OUT-Majois-2021-07-16a0e712.Photo.084548.jpg,,https://remorquepublicitaire.be/remorque/335
"POINT (4.7997178 50.3922977)",336.0,Namur,Bois de villers,Av les 6 bras Floreffe-Bois de Villers,Bois de Villers,Burnot,Namur,50.3922977, 4.7997178,Y,Photo/336IN-Quadrus-2021-07-eb6da9b9.Photo.104104.jpg,Photo/336OUT-Plumart-2021-07-7b154788.Photo.111120.jpg,,https://remorquepublicitaire.be/remorque/336
"POINT (4.8409662 50.4101372)",337.0,Namur,Wépion Criée,St Gerard-Namur,Namur,Morville,Namur,50.4101372, 4.8409662,Y,Photo/337IN-Expert Literie-2021-07-b76fdcea.Photo.113137.jpg,Photo/337OUT-Majois-2021-07-0be77a91.Photo.113224.jpg,,https://remorquepublicitaire.be/remorque/337
"POINT (4.7675327 50.4645005)",338.0,Namur,Floriffoux,N958 - Suarlée - Floreffe,Floreffe,Suarlée,Namur,50.4645005, 4.7675327,Y,Photo/338IN-Gasiline-2021-07-e29b1b8b.Photo.130941.jpg,Photo/338OUT-Media See-2021-07-b2012cb5.Photo.132628.jpg,,https://remorquepublicitaire.be/remorque/338
"POINT (4.72681 50.3986841)",339.0,Namur,Fosses la Ville,N922 vers Fosses la Ville,Fosses,Floreffe,Namur,50.3986841, 4.72681,Y,Photo/339IN-Louez moi-2021-07-7f40fcfc.Photo.115612.jpg,Photo/339OUT-Louez moi-2021-07-dfbd9746.Photo.115657.jpg,,https://remorquepublicitaire.be/remorque/339
"POINT (4.9450598 50.415937)",340.0,Namur,Naninne,N4 - Namur-Marche,Ciney,Namur,Namur,50.415937, 4.9450598,Y,Photo/340IN-- Client non listé --2021-07-607c117b.Photo.082014.jpg,Photo/340OUT-- Client non listé --2021-07-8795ed9e.Photo.082057.jpg,,https://remorquepublicitaire.be/remorque/340
"POINT (4.995912 50.384916)",341.0,Namur,Courrière,N4 - Namur-Marche,Ciney,Namur,Namur,50.384916, 4.995912,Y,Photo/d1974317.Photo.080648.jpg,Photo/341OUT-Louez moi-2021-07-5fe2b37c.Photo.102401.jpg,,https://remorquepublicitaire.be/remorque/341
"POINT (4.995912 50.384916)",365.0,Namur,Courrière 2,N4 - Namur-Marche,Ciney,Namur,Namur,50.384916, 4.995912,Y,,,,https://remorquepublicitaire.be/remorque/341
"POINT (4.9550446 50.4101432)",342.0,Namur,Arville/Sart Bernard,N4 Ciney-Namur,Namur,Ciney,Namur,50.4101432, 4.9550446,Y,Photo/342IN-Tonton tapis-2021-07-523878ad.Photo.081431.jpg,Photo/342OUT-Louez moi-2021-07-38968df6.Photo.081356.jpg,,https://remorquepublicitaire.be/remorque/342
"POINT (4.9412968 50.4218746)",343.0,Namur,Wierde,entre sortie E411 et rond pt Naninne,E411,Naninne,Namur,50.4218746, 4.9412968,Y,Photo/343IN-Expert Literie-2021-07-dc5484f5.Photo.084519.jpg,Photo/343OUT-New Teck-2021-07-0eb47844.Photo.084257.jpg,,https://remorquepublicitaire.be/remorque/343
"POINT (4.9400127 50.4208783)",344.0,Namur,Wierde 2,entre sortie E411 et rond pt Naninne,E411,Naninne,Namur,50.4208783, 4.9400127,Y,Photo/344IN-Quadrus-2021-07-818d133a.Photo.090611.jpg,Photo/344OUT-Usico-2021-07-c242118c.Photo.090407.jpg,,https://remorquepublicitaire.be/remorque/344
"POINT (4.5804821 50.2043852)",345.0,Philippeville,Philippeville,Dinant-Philippeville,Dinant,Philippeville,Namur,50.2043852, 4.5804821,Y,Photo/345IN-I Love Printing-2021-07-1bafff8d.Photo.135553.jpg,Photo/345OUT-Louez moi-2021-07-450f08ea.Photo.135520.jpg,,https://remorquepublicitaire.be/remorque/345
"POINT (4.6635488 50.305536)",346.0,Mettet,Rond point circuit,Annevoie-Mettet,Circuit,Annevoie,Namur,50.305536, 4.6635488,Y,Photo/346IN-- Client non listé --2021-07-0dae16d1.Photo.154420.jpg,Photo/346OUT-JM Karting-2021-07-c54e48a8.Photo.154413.jpg,,https://remorquepublicitaire.be/remorque/346
"POINT (5.2477486 50.2664714)",347.0,Marche,Sinsin,Namur-Marche,Marche,Namur,Namur,50.2664714, 5.2477486,Y,Photo/24184419.Photo.183510.jpg,Photo/347OUT-- Client non listé --2021-07-5ce7d515.Photo.132621.jpg,,https://remorquepublicitaire.be/remorque/347
"POINT (5.348775 50.288265)",348.0,Marche,Baillonville,Liège-Marche,Liège,Marche-en-Famenne,Namur,50.288265,5.348775,Y,Photo/348IN-- Client non listé --2021-07-c29ec1b2.Photo.122925.jpg,Photo/348OUT-Coco max-2021-07-fbfa4c2e.Photo.122742.jpg,,https://remorquepublicitaire.be/remorque/348
"POINT (5.3457687 50.25252)",349.0,Marche,Chaussée de liège,N63 Chée de Liège,Marche,Liège,Namur,50.25252, 5.3457687,Y,Photo/349IN-- Client non listé --2021-07-772e2dc8.Photo.124118.jpg,Photo/349OUT-Coco max-2021-07-76b7b0f9.Photo.124150.jpg,,https://remorquepublicitaire.be/remorque/349
"POINT (5.3414369 50.2381666)",350.0,Marche,Wex,N839,Marche,N4 (Aye),Namur,50.2381666, 5.3414369,Y,Photo/350IN-Coco max-2021-07-779ec914.Photo.130340.jpg,Photo/350OUT-Continentis-2021-07-dec97d21.Photo.130417.jpg,,https://remorquepublicitaire.be/remorque/350
"POINT (5.4210824 50.2580763)",351.0,Marche,Bourdon,N86 - Entre Hotton et Marche,Marche,Hotton,Namur,50.2580763, 5.4210824,Y,Photo/351IN-Coco max-2021-07-e2b26c74.Photo.115944.jpg,Photo/351OUT-Louez moi-2021-07-ddfc157c.Photo.120006.jpg,,https://remorquepublicitaire.be/remorque/351
"POINT (5.2105317 50.1803352)",352.0,Rochefort,Zonning,Axe Ciney Rochefort N949 Zoning ,Ciney,Rochefort,Namur,50.1803352, 5.2105317,Y,Photo/352IN-Coco max-2021-07-73c85a85.Photo.110315.jpg,Photo/352OUT-Louez moi-2021-07-8ab34fd2.Photo.110241.jpg,,https://remorquepublicitaire.be/remorque/352
"POINT (5.222276 50.140178)",353.0,Rochefort,Hamerenne,N803 ,Saint-Hubert,Rochefort,Namur,50.140178, 5.222276,Y,Photo/353IN-Coco max-2021-07-c77af153.Photo.112726.jpg,Photo/353OUT-Media See-2021-07-908b2660.Photo.112651.jpg,,https://remorquepublicitaire.be/remorque/353
"POINT (4.6316425 50.4654396)",354.0,Basse Sambre,Sambreville 1,N98 Sambreville-Sombreffe,Sombreffe,Jemeppe-sur-Sambre,Namur,50.4654396, 4.6316425,Y,Photo/354IN-Plumart-2021-07-b5033f3d.Photo.104525.jpg,Photo/354OUT-I Love Printing-2021-07-48779b78.Photo.104517.jpg,,https://remorquepublicitaire.be/remorque/354
"POINT (4.6315379 50.4650459)",355.0,Basse Sambre,Sambreville 2,N98 Sombreffe-Mettet,Mettet,E42 Velaine,Namur,50.4650459, 4.6315379,Y,Photo/0963f8a3.Photo.141102.jpg,Photo/355OUT-Louez moi-2021-07-97d8022d.Photo.104505.jpg,,https://remorquepublicitaire.be/remorque/355
"POINT (4.6859654 50.4608517)",356.0,Basse Sambre,Moustier,N90 Sambreville-Floreffe/Namur,Namur,Charleroi,Namur,50.4608517, 4.6859654,Y,Photo/356IN-Plumart-2021-07-35d49545.Photo.134046.jpg,Photo/356OUT-Louez moi-2021-07-c7182e63.Photo.134038.jpg,,https://remorquepublicitaire.be/remorque/356
"POINT (5.2800542 50.3674764)",357.0,Havelange,Verlée,N983 Havelange - Durbuy,Durbuy,Havelange,Namur,50.3674764, 5.2800542,Y,Photo/357IN-Coco max-2021-07-7075ea63.Photo.081346.jpg,Photo/357OUT-Louez moi-2021-07-8001d832.Photo.081353.jpg,,https://remorquepublicitaire.be/remorque/357
"POINT (4.6333607 50.2798913)",359.0,Florenne,Mettet,N98 Rue du Try Marie,Florennes,Mettet,Namur,50.2798913, 4.6333607,Y,Photo/359IN-Continentis-2021-07-382f7161.Photo.154358.jpg,Photo/359OUT-Louez moi-2021-07-a1e7b293.Photo.154405.jpg,,https://remorquepublicitaire.be/remorque/359
"POINT (4.5040198 50.1491228)",360.0,Neuville,Philippeville-Couvin,N5 Philippeville-Couvin,Couvin,Philippeville,Namur,50.1491228, 4.5040198,Y,Photo/360IN-Media See-2021-07-ff4fd348.Photo.131923.jpg,Photo/3fc123d1.Photo.104441.jpg,,https://remorquepublicitaire.be/remorque/360
"POINT (4.424686 50.223312)",361.0,Lacs de l'Eau d'Heure,Silenrieux,N40 Rue de Beaumont,Silenrieux,Philippeville,Namur,50.223312, 4.424686,Y,Remorques_Images/1002.Photo-IN.123113.jpg,Remorques_Images/1002.Photo-OUT.123113.jpg,,https://remorquepublicitaire.be/remorque/361
"POINT (4.894006 50.452451)",363.0,Namur,Erpent,N4 Marche - Namur,Namur,Marche-en-Famenne,Namur,50.452451, 4.894006,Y,Remorques_Images/1011.Photo-IN.145716.jpg,Remorques_Images/1011.Photo-OUT.145716.jpg,,https://remorquepublicitaire.be/remorque/363
,364.0,Rochefort (à placer),Ciergnon,N911 Rochefort - E411,,,Namur,,N,,,,
"POINT (4.995912 50.384916)",365.0,Namur,Courrière 2,N4 Namur - Ciney,Ciney,Namur,Namur,50.384916, 4.995912,Y,,,,
"POINT (4.5457488 50.3947959)",401.0,Charleroi,Chatelet,N922 Rue de Namur vers Châtelet,Charleroi,Chatelet,Hainaut,50.3947959, 4.5457488,Y,Photo/401IN-BSB group-2021-07-2c1d2fb3.Photo.122124.jpg,Photo/401OUT-BSB group-2021-07-ab86a4dd.Photo.122137.jpg,,https://remorquepublicitaire.be/remorque/401
"POINT (4.5487261 50.4426897)",402.0,Charleroi,Farcienne,Basse Sambre N 90,Charleroi,Sambreville,Hainaut,50.4426897, 4.5487261,Y,Photo/402IN-Quadrus-2021-07-e7bef4f5.Photo.104539.jpg,Photo/67d28577.Photo.091104.jpg,,https://remorquepublicitaire.be/remorque/402
"POINT (4.4761777 50.327303)",403.0,Charleroi,Nalinnes,N5 dir Charleroi,Couvin,Charleroi,Hainaut,50.327303, 4.4761777,Y,Photo/8d2e5eb5.Photo.105546.jpg,Photo/403OUT-Plumart-2021-07-34bd76b7.Photo.122146.jpg,,https://remorquepublicitaire.be/remorque/403
"POINT (4.460299 50.4587762)",404.0,Charleroi,Gosselies aéroport,N568 Charleroi Airport,Aeroport,E420 (Ransart),Hainaut,50.4587762, 4.460299,Y,Photo/404IN-Majois-2021-07-a12b2eee.Photo.122108.jpg,Photo/404OUT-Plumart-2021-07-eb5dcee4.Photo.122115.jpg,,https://remorquepublicitaire.be/remorque/404
"POINT (4.326508 50.3384483)",405.0,Thuin,Thuin N59,Gozée venant de Thuin,Charleroi,Thuin,Hainaut,50.3384483, 4.326508,Y,Photo/405IN-JM Karting-2021-07-aba2de86.Photo.122153.jpg,Photo/405OUT-Louez moi-2021-07-b44c0f26.Photo.122200.jpg,,https://remorquepublicitaire.be/remorque/405
"POINT (4.3336892 50.3166654)",406.0,Gozée,N53  Charleroi - Beaumont,Entre Gozée et Thuillies,Charleroi,Beaumont,Hainaut,50.3166654, 4.3336892,Y,Photo/c9da34e4.Photo.134524.jpg,Photo/be3a2e41.Photo.103639.jpg,,https://remorquepublicitaire.be/remorque/406
"POINT (4.277907 50.450277)",407.0,Anderlues,Morlanwelz 1,N59 Chée de Bascoup,E42,Anderlues,Hainaut,50.450277, 4.277907,Y,Remorques_Images/407.Photo-IN.084850.jpg,Remorques_Images/407.Photo-OUT.084850.jpg,,https://remorquepublicitaire.be/remorque/407
"POINT (4.277443 50.446291)",408.0,Anderlues,Morlanwelz 2,N59 Chée de Bascoup,E42,Anderlues,Hainaut,50.446291,4.277443,Y,,,,https://remorquepublicitaire.be/remorque/408
"POINT (5.622425 49.702853)",501.0,Habay-La-Neuve,Truck center,N87 Rue Belle-vue,Étalle,Habay-La-Neuve,Luxembourg,49.702853, 5.622425,Y,Photo/0213a765.Photo.172411.jpg,Photo/6fde95d8.Photo.172259.jpg,,https://remorquepublicitaire.be/remorque/501
"POINT (5.7543602 50.0530212)",502.0,Bastogne,Entre Foy et Noville,N30 route Bastogne-Houffalize,Houffalize,Bastogne,Luxembourg,50.0530212, 5.7543602,Y,Photo/4efb459a.Photo.172356.jpg,Photo/2da58b92.Photo.141549.jpg,,https://remorquepublicitaire.be/remorque/502
"POINT (5.8040964 49.9848758)",503.0,Bastogne,Bras 1,N84 route Bastogne-Wiltz,Luxembourg,Bastogne,Luxembourg,49.9848758, 5.8040964,Y,Photo/75a83355.Photo.110754.jpg,Photo/c067714a.Photo.151450.jpg,,https://remorquepublicitaire.be/remorque/503
"POINT (5.8088424 49.9853027)",504.0,Bastogne,Bras 2,N84 route Bastogne-Wiltz,Luxembourg,Bastogne,Luxembourg,49.9853027, 5.8088424,Y,Photo/612289b1.Photo.145915.jpg,Photo/32ec5a29.Photo.150025.jpg,,https://remorquepublicitaire.be/remorque/504
"POINT (5.7585364 50.0060471)",505.0,Bastogne,Neffe,N874 route Bastogne-Clervaux,Clervaux,Bastogne,Luxembourg,50.0060471, 5.7585364,Y,,Photo/ddf8b83c.Photo.144152.jpg,,https://remorquepublicitaire.be/remorque/505
"POINT (5.0860316 49.8167382)",506.0,Bouillon,Noirefontaine,N865 route Libramont-Bouillon,Bouillon,Libramont,Luxembourg,49.8167382, 5.0860316,Y,Photo/9db91dbe.Photo.110317.jpg,Photo/487ba7d2.Photo.080554.jpg,,https://remorquepublicitaire.be/remorque/506
"POINT (5.52465 50.1551922)",507.0,La Roche en Ardenne,Vecmont,Vecmont N89,Saint-Hubert,La Roche en Ardenne,Luxembourg,50.1551922, 5.52465,Y,Photo/95973090.Photo.130628.jpg,Photo/e56ffcbf.Photo.130726.jpg,,https://remorquepublicitaire.be/remorque/507
"POINT (5.6229401 49.6756266)",508.0,Etalle,Vance,N83 Route d'Arlon La Brelotte,Étalle,Arlon,Luxembourg,49.6756266, 5.6229401,Y,Photo/3412de8c.Photo.085846.jpg,Photo/12a3337c.Photo.085806.jpg,,https://remorquepublicitaire.be/remorque/508
"POINT (5.8524861 50.1776961)",509.0,Gouvy,Cherain,N82 route Houffalize-Gouvy,Gouvy,Houffalize,Luxembourg,50.1776961, 5.8524861,Y,Photo/9d4d61e8.Photo.085937.jpg,Photo/26775c74.Photo.085917.jpg,,https://remorquepublicitaire.be/remorque/509
"POINT (5.3579217 49.9101568)",510.0,Libramont,Recogne,N40 route Libramont-Neufchateau,Neufchateau,Libramont,Luxembourg,49.9101568, 5.3579217,Y,Photo/b78c2e7f.Photo.072728.jpg,Photo/0b667c10.Photo.072817.jpg,,https://remorquepublicitaire.be/remorque/510
"POINT (5.3522059 49.9176821)",511.0,Libramont,Recogne,N89 route Barrière de Champlon-Libramont,Libramont,La Roche en Ardenne,Luxembourg,49.9176821, 5.3522059,Y,Photo/a724f741.Photo.110526.jpg,Photo/cacd450a.Photo.110441.jpg,,https://remorquepublicitaire.be/remorque/511
"POINT (5.5064901 50.092434)",512.0,Tenneville,Tenneville,N4 route Marche-Bastogne,Bastogne,Marche-en-Famenne,Luxembourg,50.092434, 5.5064901,Y,Photo/f7a66695.Photo.090034.jpg,Photo/41c2d889.Photo.090005.jpg,,https://remorquepublicitaire.be/remorque/512
"POINT (6.0965757 50.2454228)",513.0,Saint Vith,Hotel Furellenhof ,N62 vers le Luxembourg,Luxembourg,Saint-Vith,Luxembourg,50.2454228, 6.0965757,Y,Photo/5dd7339c.Photo.172310.jpg,Photo/05d5d7a9.Photo.173457.jpg,,https://remorquepublicitaire.be/remorque/513
"POINT (6.0893461 50.2380225)",514.0,Burg Reuland,East Karting ,N62 vers Saintt Vith,Saint Vith,Luxembourg,Luxembourg,50.2380225, 6.0893461,Y,Photo/518a33f8.Photo.110645.jpg,,,https://remorquepublicitaire.be/remorque/514
"POINT (6.0723991 50.1864985)",515.0,Burg Reuland,Durler ,N62,Saint Vith,Luxembourg,Luxembourg,50.1864985, 6.0723991,Y,Photo/09a91565.Photo.111457.jpg,,,https://remorquepublicitaire.be/remorque/515
"POINT (5.9803426 50.216751)",517.0,Beho,Silot,N68 vers Luxembourg,Luxembourg,Salm Château,Luxembourg,50.216751, 5.9803426,Y,,Photo/2733acfe.Photo.101024.jpg,,https://remorquepublicitaire.be/remorque/517
"POINT (5.980753 50.2167579)",518.0,Beho,Silot,N68 vers Salm Château,Salm Château,Luxembourg,Luxembourg,50.2167579, 5.980753,Y,Photo/0e3a21dc.Photo.102308.jpg,Photo/c5f61d28.Photo.102342.jpg,,https://remorquepublicitaire.be/remorque/518
"POINT (5.82579 50.26126)",519.0,Vielsam,Hebronval,N89,Baraque Fraiture,Vielsam,Luxembourg,50.26126, 5.82579,Y,,Photo/fda13c0a.Photo.120648.jpg,,https://remorquepublicitaire.be/remorque/519
"POINT (5.787834 50.252555)",520.0,Vielsam,Regné,N89 vers Vielsam,Vielsam,Baraque de Fraiture,Luxembourg,50.252555, 5.787834,Y,,Photo/520OUT-Plumart-2021-07-7f90e189.Photo.131505.jpg,,https://remorquepublicitaire.be/remorque/520
"POINT (5.756968 50.249421)",521.0,Vielsam,Fraiture,N89,Baraque Fraiture,Vielsam,Luxembourg,50.249421, 5.756968,Y,Photo/9c08c48d.Photo.110729.jpg,Photo/9317fa01.Photo.090207.jpg,,https://remorquepublicitaire.be/remorque/521
"POINT (5.371937 49.904828)",524.0,Libramont,Recogne,N40 route Libramont-Neufchateau,Neufchateau,Libramont,Luxembourg,49.904828, 5.371937,Y,,,,https://remorquepublicitaire.be/remorque/524
"POINT (5.377835 50.344271)",525.0,Durbuy,Somme-Leuze,Rue de Durbuy,Méan,Durbuy,Luxembourg,50.344271, 5.377835,Y,Remorques_Images/1000.Photo-IN.125300.jpg,Remorques_Images/1000.Photo-OUT.125300.jpg,,https://remorquepublicitaire.be/remorque/525
"POINT (5.539296 50.064811)",527.0,Tenneville,Moriville,N4 entre Barrière Hinck et Tenneville,Tenneville,Barrière Hinck,Luxembourg,50.064811, 5.539296,Y,Remorques_Images/527.Photo-IN.132339.jpg,,,https://remorquepublicitaire.be/remorque/527
"POINT (5.863581 49.658113)",530.0,Arlon,Wolberg,N4 Arlon - Stienfort,Arlon,Stienfort,Luxembourg,49.658113, 5.863581,Y,,,,https://remorquepublicitaire.be/remorque/530
"POINT (4.277443 50.446291)",408.0,,,,,,,50.446291, 4.277443,,,,,
"POINT (4.182588 50.416229)",415.0,,,,,,,50.416229, 4.182588,,,,,
"POINT (5.928368 50.4118718)",230.0,Stavelot,,,,,,50.4118718, 5.928368,,,,,
"POINT (4.3792179 50.5425674)",409.0,,,,,,,50.5425674, 4.3792179,,,,,
"POINT (4.766739 50.6253148)",114.0,,,,,,,50.6253148, 4.766739,,,,,
"POINT (4.920695 50.590045)",318.0,Eghezée,Eghezée ,N643 Eghezée - Andenne,Andenne,Éghezée,Namur,50.590045, 4.920695,Y,Photo/318IN-Green Robot-2021-07-c05b7370.Photo.081941.jpg,Photo/318OUT-Plumart-2021-07-a9e401d3.Photo.082006.jpg,,https://remorquepublicitaire.be/remorque/318
"POINT (4.9027603 50.6002704)",319.0,Ciney,Lienne Haut,Ciney-Andenne (sortie Ciney),Andenne,Ciney,Namur,50.6002704, 4.9027603,Y,Photo/c67368a8.Photo.124403.jpg,Photo/186dc751.Photo.113341.jpg,,https://remorquepublicitaire.be/remorque/319
"POINT (4.707086 50.580176)",323.0,Gembloux,Sauvenière 2,E411 vers Gembloux,Gembloux,E411,Namur,50.580176, 4.707086,Y,Remorques_Images/1010.Photo-IN.124226.jpg,Remorques_Images/1010.Photo-OUT.124226.jpg,,https://remorquepublicitaire.be/remorque/323
"POINT (4.7275235 50.5936259)",328.0,Gembloux,Sauvenière,Chée de Tirlemont,E411,Gembloux,Namur,50.5936259, 4.7275235,Y,Photo/328IN-Green Robot-2021-07-9d40be8c.Photo.065824.jpg,Photo/bba50ec8.Photo.114310.jpg,,https://remorquepublicitaire.be/remorque/328
"POINT (4.670823 50.6051349)",329.0,Gembloux,Ernage/Walhain,N4 LLN - Gembloux,LLN,Gembloux,Namur,50.6051349, 4.670823,Y,Photo/329IN-Expert Literie-2021-07-cc533001.Photo.141153.jpg,Photo/329OUT-Green Robot-2021-07-2dcc9720.Photo.141202.jpg,,https://remorquepublicitaire.be/remorque/329
"POINT (4.5362256 50.6790321)",104.0,Ottignies,Clinique,N275 Rixensart-Court-St-Etienne,Court-Saint-Etienne,Rixensart,Brabant-Wallon,50.6790321, 4.5362256,Y,Photo/104IN-Majois-2021-07-2ffcbd4d.Photo.102858.jpg,Photo/104OUT-Plumart-2021-07-ff0129b6.Photo.102951.jpg,,https://remorquepublicitaire.be/remorque/104
"POINT (4.8803971 50.7400852)",110.0,Jodoigne,Entree Jodoigne,N29 Chée de Tirlemont,Tirlemont,Jodoigne,Brabant-Wallon,50.7400852, 4.8803971,Y,Photo/110IN-Continentis-2021-07-3ab36681.Photo.140554.jpg,Photo/c03d4ee8.Photo.125137.jpg,,https://remorquepublicitaire.be/remorque/110
