Remorque,Ville-remorque,Localisation-remorque,Axe-remorque,Direction-remorque,Direction-out,Province,GPS,Active,Photo-IN,Photo-OUT,Maintenance,Lien,BK,Commune,Code_Route,Nom_Route,Frequentation_Moyenne_veh_jour,Vues_Mensuelles_OTS,Score_Impact_Temps_Exposition,Contexte_Visibilite,Sources_Detaillees
0, Remorque non listée,,,,,,,Y,,,,https://remorquepublicitaire.be/remorque/0,,,,,,0,,,
101,Ronquieres,Ronquières Hainaut,Nivelles-Braine-le-Comte,Braine-le-Comte,Nivelles,Brabant-Wallon,"50.6062669, 4.2301494",N,Photo/101IN-Louez moi-2021-07-1eae020d.Photo.092829.jpg,Photo/80a7a24e.Photo.145629.jpg,,https://remorquepublicitaire.be/remorque/101,8.0,Braine-le-Comte,N533,NIVELLES - BRAINE-LE-COMTE,5900,238950,Standard (3-5s),Section rurale dégagée à vitesse libre (90 km/h),SPW Mobilité / PCM Nivelles (N533 Chaussée de Nivelles)
102,Nivelles,Sud Thines,N93/N237 Nivelles-Namur,Namur,Nivelles,Brabant-Wallon,"50.593471, 4.371622",Y,Photo/102IN-Quadrus-2021-07-763acb9c.Photo.090127.jpg,Photo/102OUT-Plumart-2021-07-90548003.Photo.090211.jpg,,https://remorquepublicitaire.be/remorque/102,0.2,Nivelles,N237,OTTIGNIES-LLN - NIVELLES,17700,716850,Élevé (10-20s),[Zoning] Zoning industriel Sud Thines (Nivelles) — Entrée d agglomération / zone 50-70 km/h / carrefours et commerces,SPW Mobilité / SOFICO (Directive Bruit Routier MROAD - Flux certifié: 6 456 120 véh./an)
103,Nivelles,,,Nivelles,Waterloo,Brabant-Wallon,,N,,,,https://remorquepublicitaire.be/remorque/103,-,Nivelles,,,,0,En attente GPS,Données non renseignées,Non renseigné dans le tableur d'origine (en attente d'axe / GPS)
104,Ottignies,Clinique,N275 Rixensart-Court-St-Etienne,Court-Saint-Etienne,Rixensart,Brabant-Wallon,"50.6790321, 4.5362256",Y,Photo/104IN-Majois-2021-07-2ffcbd4d.Photo.102858.jpg,Photo/104OUT-Plumart-2021-07-ff0129b6.Photo.102951.jpg,,https://remorquepublicitaire.be/remorque/104,18.0,Ottignies-Louvain-la-Neuve,N275,BRUXELLES - COURT-ST-ETIENNE - MARBAIS (VILLERS-LA-VILLE),8400,340200,Moyen (5-10s),Axe régional fluide à vitesse modérée (70-90 km/h),SPW Mobilité / SOFICO (Directive Bruit Routier MROAD - Flux certifié: 3 069 650 véh./an)
105,Louvain-la-Neuve,Corbais,N4 LLN - Gembloux,Gembloux,LLN,Brabant-Wallon,"50.6547051, 4.6379578",Y,Photo/183b17cd.Photo.114653.jpg,Photo/3e35518d.Photo.114554.jpg,,https://remorquepublicitaire.be/remorque/105,28.0,Mont-Saint-Guibert,N4,BRUXELLES - NAMUR - ARLON - LUXEMBOURG (L),23100,935550,Élevé (10-20s),[Zoning] Parc d'activités Corbais / Axisparc (LLN) — Entrée d agglomération / zone 50-70 km/h / carrefours et commerces,SPW Mobilité / SOFICO (N4 LLN - Mont-Saint-Guibert BK 28 - Flux certifié)
106,Wavre,Grez-Doiceau 1,N25 entrée Wavre,Grez,Wavre,Brabant-Wallon,"50.7080391, 4.6391863",Y,Photo/9f4a5d8e.Photo.070211.jpg,Photo/106OUT-Institut Charles Péguy-2021-_2076647423207887011.Photo.083530.jpg,,https://remorquepublicitaire.be/remorque/106,20.0,Wavre,N25,LOUVAIN - NIVELLES / WAVRE <2>,64200,2600100,Très Élevé (20-45s),Nœud giratoire / bouchons récurrents / zone commerciale majeure,SPW Mobilité / SOFICO (Directive Bruit Routier MROAD - Flux certifié: 23 428 620 véh./an)
107,Wavre,Grez-Doiceau 2,N25 entrée Wavre,Wavre,LLN,Brabant-Wallon,"50.700666, 4.632200",Y,Photo/9cb1bad7.Photo.085241.jpg,Photo/107OUT-Majois-2021-07-f0ef3044.Photo.072706.jpg,,https://remorquepublicitaire.be/remorque/107,22.0,Wavre,N25,NIVELLES (THINES) - OTTIGNIES-LOUVAIN-LA-NEUVE (LOUVAIN-LA-NEUVE) - WAVRE - LOUVAIN (KESSEL-LO),64200,2600100,Très Élevé (20-45s),Nœud giratoire / bouchons récurrents / zone commerciale majeure,SPW Mobilité / SOFICO (Directive Bruit Routier MROAD - Flux certifié: 23 428 620 véh./an)
108,Wavre,Grez-Doiceau 3,N25 entrée Wavre,Grez,Wavre,Brabant-Wallon,"50.708324, 4.638655",Y,,,,https://remorquepublicitaire.be/remorque/108,20.0,Wavre,N25,LOUVAIN - NIVELLES / WAVRE <2>,64200,2600100,Très Élevé (20-45s),Nœud giratoire / bouchons récurrents / zone commerciale majeure,SPW Mobilité / SOFICO (Directive Bruit Routier MROAD - Flux certifié: 23 428 620 véh./an)
109,Jodoigne,Mélin,N240 - Beauvechain-Jodoigne,Beauvechain,Jodoigne,Brabant-Wallon,"50.7380474, 4.7902295",Y,Photo/109IN-Continentis-2021-07-967ba0b6.Photo.130024.jpg,Photo/109OUT-Media See-2021-07-8de0e689.Photo.141942.jpg,,https://remorquepublicitaire.be/remorque/109,9.0,Jodoigne,N240,GREZ-DOICEAU - HANNUT [Ancienne RP1],14100,571050,Élevé (10-20s),Entrée d agglomération / zone 50-70 km/h / carrefours et commerces,SPW Mobilité / SOFICO (Directive Bruit Routier MROAD - Flux certifié: 5 139 200 véh./an)
110,Jodoigne,Entree Jodoigne,N29 Chée de Tirlemont,Tirlemont,Jodoigne,Brabant-Wallon,"50.7400852, 4.8803971",Y,Photo/110IN-Continentis-2021-07-3ab36681.Photo.140554.jpg,Photo/c03d4ee8.Photo.125137.jpg,,https://remorquepublicitaire.be/remorque/110,48.0,Jodoigne,N29,CHARLEROI - DIEST - BERINGEN (PART.P),7100,287550,Élevé (10-20s),Entrée d agglomération / zone 50-70 km/h / carrefours et commerces,SPW Mobilité / SOFICO (Directive Bruit Routier MROAD - Flux certifié: 2 593 325 véh./an)
111,Beauvechain,Nodebais,N91 Hamme Mille - Beauvechain,Hamme,Éghezée,Brabant-Wallon,"50.7500607, 4.7479605",Y,Photo/111IN-JM Karting-2021-07-ea7f80c0.Photo.140638.jpg,Photo/f97ba215.Photo.125402.jpg,,https://remorquepublicitaire.be/remorque/111,36.0,Beauvechain,N91,NAMUR - HAMME-MILLE (BEAUVECHAIN),8200,332100,Moyen (5-10s),Axe régional fluide à vitesse modérée (70-90 km/h),SPW Mobilité / SOFICO (Directive Bruit Routier MROAD - Flux certifié: 3 000 001 véh./an)
112,Incourt,Incourt,N91 Chée de Namur,Éghezée,Louvain,Brabant-Wallon,"50.672514, 4.824268",Y,,,,https://remorquepublicitaire.be/remorque/112,25.0,Incourt,N91,NAMUR - HAMME-MILLE (BEAUVECHAIN),8200,332100,Élevé (10-20s),Entrée d agglomération / zone 50-70 km/h / carrefours et commerces,SPW Mobilité / SOFICO (Directive Bruit Routier MROAD - Flux certifié: 3 000 001 véh./an)
113,Perwez,Perwez,N29 Chée de Charleroi,E411,Jodoigne,Brabant-Wallon,"50.643443, 4.788775",Y,Remorques_Images/113.Photo-IN.084150.jpg,Remorques_Images/113.Photo-OUT.084150.jpg,,https://remorquepublicitaire.be/remorque/113,35.0,Perwez,N29,CHARLEROI - DIEST - BERINGEN (PART.P),13800,558900,Élevé (10-20s),[Zoning] Zoning d'activités de Perwez — Entrée d agglomération / zone 50-70 km/h / carrefours et commerces,SPW Mobilité / SOFICO (Directive Bruit Routier MROAD - Flux certifié: 5 037 730 véh./an)
114,Perwez,Sortie E411,N29 Chée de Charleroi,Jodoigne,E411,Brabant-Wallon,"50.62679, 4.76756",Y,,,,https://remorquepublicitaire.be/remorque/114,33.0,Perwez,N29,CHARLEROI - DIEST - BERINGEN (PART.P),28450,1152225,Très Élevé (20-35s),Échangeur autoroutier / axe périurbain dense en congestion pendulaire,SPW Mobilité / SOFICO (Directive Bruit Routier MROAD - Flux certifié: 10 387 608 véh./an)
201,Hannut,Hannut-Saint Trond,N80 vers Landen,Saint-Trond,Hannut,Liège,"50.687542, 5.082269",Y,Photo/4eea25ef.Photo.094145.jpg,Photo/e647a355.Photo.095432.jpg,,https://remorquepublicitaire.be/remorque/201,35.0,Hannut,N80,NAMUR - HASSELT,29700,1202850,Élevé (10-20s),[Zoning] Zoning commercial et d'activités de Hannut — Entrée d agglomération / zone 50-70 km/h / carrefours et commerces,SPW Mobilité / SOFICO (Directive Bruit Routier MROAD - Flux certifié: 10 840 354 véh./an)
202,Hannut,Braives,N64 Chée de Tirlemont,E42,Hannut,Liège,"50.614977, 5.190269",Y,Photo/b25810f2.Photo.145750.jpg,Photo/1ad5c34c.Photo.133027.jpg,,https://remorquepublicitaire.be/remorque/202,13.0,Braives,N64,TIRLEMONT - HUY,7650,309825,Élevé (10-20s),Entrée d agglomération / zone 50-70 km/h / carrefours et commerces,SPW Mobilité / SOFICO (Directive Bruit Routier MROAD - Flux certifié: 2 791 155 véh./an)
203,Huy,Wanze,N643 vers Wanze,E42,Éghezée,Liège,"50.538610, 5.187968",Y,Photo/406IN-Continentis-2021-07-31465d76.Photo.151658.jpg,Photo/0b2a1ef1.Photo.132534.jpg,,https://remorquepublicitaire.be/remorque/203,2.0,Wanze,N643,LIAISON N643 - N64 A WANZE,10400,421200,Élevé (10-20s),Entrée d agglomération / zone 50-70 km/h / carrefours et commerces,SPW Mobilité / SOFICO (Directive Bruit Routier MROAD - Flux certifié: 3 792 715 véh./an)
204,Huy,Vinalmont,N64 Chée de Tirlemont,E42,Huy,Liège,"50.5558925, 5.225375",Y,Photo/204IN-JM Karting-2021-07-11e34d24.Photo.174742.jpg,Photo/ac6d252f.Photo.095916.jpg,,https://remorquepublicitaire.be/remorque/204,5.0,Wanze,N64,TIRLEMONT - HUY,10050,407025,Élevé (10-20s),Entrée d agglomération / zone 50-70 km/h / carrefours et commerces,SPW Mobilité / SOFICO (Directive Bruit Routier MROAD - Flux certifié: 3 675 039 véh./an)
205,Huy,Villers-Le-Bouillet,N684 Rue de Tihange,E42,Huy,Liège,"50.5785938, 5.2787161",Y,Photo/a9094079.Photo.141911.jpg,Photo/ca968452.Photo.072757.jpg,,https://remorquepublicitaire.be/remorque/205,2.0,Villers-le-Bouillet,N684,VILLERS-LE-BOUILLET - STREE (MODAVE),16600,672300,Très Élevé (20-35s),[Zoning] Parc d'activités de Villers-le-Bouillet — Échangeur autoroutier / axe périurbain dense en congestion pendulaire,SPW Mobilité / SOFICO (Directive Bruit Routier MROAD - Flux certifié: 6 063 745 véh./an)
206,Huy,Ombret,N90 Huy-Liège,Huy,Seraing,Liège,"50.5552874, 5.342853",Y,Photo/26a14b81.Photo.080429.jpg,Photo/ad478950.Photo.075352.jpg,,https://remorquepublicitaire.be/remorque/206,114.0,Engis,N90,MONS - CHARLEROI - NAMUR - LIEGE,13200,534600,Élevé (10-20s),[Zoning] Zone d'activité économique d'Ombret — Entrée d agglomération / zone 50-70 km/h / carrefours et commerces,SPW Mobilité / SOFICO (Directive Bruit Routier MROAD - Flux certifié: 4 817 635 véh./an)
207,Huy,Solière,N698 Chée de Dinant,Huy,Ohey,Liège,"50.504966, 5.2134954",Y,Photo/207IN-Media See-2021-07-16afba40.Photo.162612.jpg,Photo/914d8bbd.Photo.110328.jpg,,https://remorquepublicitaire.be/remorque/207,2.0,Huy,N698,HUY - OHEY,4500,182250,Élevé (10-20s),Entrée d agglomération / zone 50-70 km/h / carrefours et commerces,SPW Mobilité (Liaison N698 Huy - Ohey)
208,Huy,Tihange,N66 route de Hamoir,Huy,Hamoir,Liège,"50.5025811, 5.2823786",Y,Photo/208IN-Continentis-2021-07-cd65e32c.Photo.171723.jpg,Photo/d52f03a6.Photo.113011.jpg,,https://remorquepublicitaire.be/remorque/208,4.0,Huy,N66,TROIS-PONTS - HUY,5200,210600,Standard (3-5s),Section rurale dégagée à vitesse libre (90 km/h),SPW Mobilité (Liaison N66 Huy - Hamoir)
209,Huy,Pont de bonne,N641 Huy-Havelange,Huy,Havelange,Liège,"50.4558408, 5.2838123",Y,Photo/209IN-Coco max-2021-07-a51d3f10.Photo.155932.jpg,,,https://remorquepublicitaire.be/remorque/209,10.0,Modave,N641,OCQUIER (CLAVIER) - HUY,4100,166050,Standard (3-5s),Section rurale dégagée à vitesse libre (90 km/h),SPW Mobilité (Liaison N641 Huy - Havelange)
210,Huy,Nandrin,N63 route de Liège,Liege,Marche-en-Famenne,Liège,"50.5373263, 5.4381037",Y,Photo/360OUT-Louez moi-2021-07-5c55bd35.Photo.134205.jpg,Photo/cb4bf3d9.Photo.064822.jpg,,https://remorquepublicitaire.be/remorque/210,14.0,Nandrin,N63,MARCHE-EN-FAMENNE - LIEGE (OUGREE),38100,1543050,Élevé (10-20s),Entrée d agglomération / zone 50-70 km/h / carrefours et commerces,SPW Mobilité / SOFICO (Directive Bruit Routier MROAD - Flux certifié: 13 901 536 véh./an)
211,Huy,Soheit-Tinlot,N63 route de Marche,Liege,Marche-en-Famenne,Liège,"50.4870402, 5.3838211",Y,Photo/347IN-Coco max-2021-07-a662a6bb.Photo.132658.jpg,Photo/308IN-Louez moi-2021-07-c42bc691.Photo.143031.jpg,,https://remorquepublicitaire.be/remorque/211,21.0,Tinlot,N63,MARCHE-EN-FAMENNE - LIEGE (OUGREE),14100,571050,Élevé (10-20s),Entrée d agglomération / zone 50-70 km/h / carrefours et commerces,SPW Mobilité / SOFICO (Directive Bruit Routier MROAD - Flux certifié: 5 140 660 véh./an)
212,Flemalle,Pont dYvoz-Ramet,N617 Liège - Huy,Huy,Liège,Liège,"50.5932003, 5.4586199",N,Photo/29bb03ca.Photo.072752.jpg,,,https://remorquepublicitaire.be/remorque/212,6.0,Flémalle,N677,LIAISON A15 - N63 A FLEMALLE ET NEUPRE,12600,510300,Élevé (10-20s),Entrée d agglomération / zone 50-70 km/h / carrefours et commerces,SPW Mobilité / SOFICO (Directive Bruit Routier MROAD - Flux certifié: 4 607 030 véh./an)
213,Fexhe-le-Haut-Clocher,Simonis,N637 - Grand Route,Bierset,Waremme,Liège,"50.6576435, 5.3783682",Y,Photo/42027d42.Photo.102459.jpg,,,https://remorquepublicitaire.be/remorque/213,15.0,Fexhe-le-Haut-Clocher,N614,TONGRES - AMAY,6200,251100,Élevé (10-20s),Entrée d agglomération / zone 50-70 km/h / carrefours et commerces,SPW Mobilité (N637 Grand Route Fexhe BK 15)
214,Fexhe-le-Haut-Clocher,Château d'eau Jeneffe,N614 vers E42,Amay,Tongres,Liège,"50.645330, 5.370009",Y,Photo/317IN-Continentis-2021-07-e57887fa.Photo.125816.jpg,Photo/406OUT-Louez moi-2021-07-5a1569b5.Photo.125912.jpg,,https://remorquepublicitaire.be/remorque/214,13.0,Donceel,N614,TONGRES - AMAY,7600,307800,Très Élevé (20-35s),Échangeur autoroutier / axe périurbain dense en congestion pendulaire,SPW Mobilité (N614 Donceel vers E42 BK 13)
215,Fexhe-le-Haut-Clocher,Noville,N614 vers E40,E40,Amay,Liège,"50.6631185, 5.3803397",Y,Photo/46033302.Photo.134527.jpg,Photo/a093aacf.Photo.122202.jpg,,https://remorquepublicitaire.be/remorque/215,15.0,Fexhe-le-Haut-Clocher,N614,TONGRES - AMAY,6600,267300,Très Élevé (20-35s),Échangeur autoroutier / axe périurbain dense en congestion pendulaire,SPW Mobilité (N614 Fexhe vers E40 BK 15)
216,Waremme,Waremme 1,Rue de Huy - Waremme,Waremme,Huy,Liège,"50.6831557, 5.2487463",Y,Photo/e8edf80d.Photo.095947.jpg,Photo/8831a6d5.Photo.100029.jpg,,https://remorquepublicitaire.be/remorque/216,18.0,Waremme,N65,HUY - WAREMME,11950,483975,Élevé (10-20s),[Zoning] Parc d'activités de Waremme (site 1) — Entrée d agglomération / zone 50-70 km/h / carrefours et commerces,SPW Mobilité / SOFICO (Directive Bruit Routier MROAD - Flux certifié: 4 357 735 véh./an)
217,Viemme,Viemme Rond-Point,N65 Rue de Huy,Huy,Waremme,Liège,"50.6417797, 5.2688789",Y,Photo/6c0a80a5.Photo.124031.jpg,Photo/cbcfe5a0.Photo.123651.jpg,,https://remorquepublicitaire.be/remorque/217,15.0,Faimes,N65,HUY - WAREMME,11950,483975,Élevé (10-20s),Entrée d agglomération / zone 50-70 km/h / carrefours et commerces,SPW Mobilité / SOFICO (Axe N65 Waremme - Huy)
218,Oreye,Carrefour Otrange/Vechmaal,N69 Carrefour Otrange/Vechmaal,Veechmaal,Oreye,Liège,"50.742834, 5.377993",Y,Photo/45b2f422.Photo.065118.jpg,,,https://remorquepublicitaire.be/remorque/218,7.0,Oreye,N69,TONGRES - WAREMME - MOXHE (HANNUT),5900,238950,Standard (3-5s),Section rurale dégagée à vitesse libre (90 km/h),SPW Mobilité (Axe N69 Hesbaye - Vechmaal)
219,Spa,Marteau,N62 Theux,Theux,Spa,Liège,"50.4898065, 5.831109",N,Photo/330IN-JM Karting-2021-07-363960aa.Photo.113843.jpg,Photo/355IN-Plumart-2021-07-2a7a857e.Photo.113755.jpg,,https://remorquepublicitaire.be/remorque/219,1.0,Spa,N697,REMOUCHAMPS (AYWAILLE) - MARTEAU (SPA),11400,461700,Élevé (10-20s),Entrée d agglomération / zone 50-70 km/h / carrefours et commerces,SPW Mobilité / SOFICO (Directive Bruit Routier MROAD - Flux certifié: 4 166 913 véh./an)
220,Theux,Hautregard Haut,N697 Aywaille - Spa,Theux,Aywaille,Liège,"50.4879147, 5.7669185",Y,Photo/341IN-- Client non listé --2021-07-d5d41075.Photo.120138.jpg,Photo/402OUT-Plumart-2021-07-f999d813.Photo.120252.jpg,,https://remorquepublicitaire.be/remorque/220,5.0,Theux,N606,THEUX (FAGNES-ST-REMACLE) - STOUMONT,4800,194400,Standard (3-5s),Section rurale dégagée à vitesse libre (90 km/h),SPW Mobilité (Liaison N606 Theux - Stoumont)
221,Theux,Hautregard Bas,N697 Aywaille - Spa,Spa,Aywaille,Liège,"50.485117, 5.780332",Y,Photo/204OUT-Louez moi-2021-07-4ddb3b9c.Photo.113708.jpg,Photo/58bbe378.Photo.161513.jpg,,https://remorquepublicitaire.be/remorque/221,5.0,Theux,N697,REMOUCHAMPS (AYWAILLE) - MARTEAU (SPA),5600,226800,Standard (3-5s),Section rurale dégagée à vitesse libre (90 km/h),SPW Mobilité (Liaison N697 Aywaille - Spa)
226,Theux,La Reid,N697 La Reid - Spa,Spa,Aywaille,Liège,"50.4877871, 5.8200972",Y,Photo/506095fa.Photo.113724.jpg,Photo/328OUT-Plumart-2021-07-2415eaf7.Photo.113716.jpg,,https://remorquepublicitaire.be/remorque/226,1.0,Theux,N697,REMOUCHAMPS (AYWAILLE) - MARTEAU (SPA),5600,226800,Standard (3-5s),[Zoning] Zone d'activités de Theux (Laboru) — Section rurale dégagée à vitesse libre (90 km/h),SPW Mobilité (Liaison N697 Aywaille - Spa)
222,Sprimont,Sprimont - Theux,N678 Rond point Sprimoglass,Theux,Sprimont,Liège,"50.5138469, 5.6913981",Y,Photo/0d5593f6.Photo.072635.jpg,Photo/204OUT-Louez moi-2021-07-3bea44df.Photo.113651.jpg,,https://remorquepublicitaire.be/remorque/222,8.0,Sprimont,N678,POULSEUR (COMBLAIN-AU-PONT) - LOUVEIGNE (SPRIMONT),16550,670275,Très Élevé (20-45s),[Zoning] Zoning de Sprimont (carrefour Sprimoglass) — Nœud giratoire / bouchons récurrents / zone commerciale majeure,SPW Mobilité / SOFICO (Directive Bruit Routier MROAD - Flux certifié: 6 041 115 véh./an)
224,Crisnee,Station Ledouble,N3 - Grand route,Liege,Saint-Trond,Liège,"50.7185803, 5.3747698",Y,Photo/205IN-Plumart-2021-07-d161d2c0.Photo.072332.jpg,Photo/071d8c6d.Photo.132554.jpg,,https://remorquepublicitaire.be/remorque/224,79.0,Crisnée,N3,BRUXELLES - LIEGE - AACHEN (D) (PART.L),8400,340200,Moyen (5-10s),Axe régional fluide à vitesse modérée (70-90 km/h),SPW Mobilité / SOFICO (Directive Bruit Routier MROAD - Flux certifié: 3 057 240 véh./an)
223,Clavier,Bois-et-Borsu,N63 Chée de Liège,Liège,Marche-en-Famenne,Liège,"50.392559, 5.340069",Y,,,,https://remorquepublicitaire.be/remorque/225,33.0,Clavier,N63,MARCHE-EN-FAMENNE - LIEGE (OUGREE),9300,376650,Élevé (10-20s),Entrée d agglomération / zone 50-70 km/h / carrefours et commerces,SPW Mobilité / SOFICO (Directive Bruit Routier MROAD - Flux certifié: 3 396 325 véh./an)
225,Clavier,Bois-et-Borsu,N63 Chée de Liège,Marche-en-Famenne,Liège,Liège,"50.392559, 5.340069",Y,,,,https://remorquepublicitaire.be/remorque/225,33.0,Clavier,N63,MARCHE-EN-FAMENNE - LIEGE (OUGREE),9300,376650,Élevé (10-20s),Entrée d agglomération / zone 50-70 km/h / carrefours et commerces,SPW Mobilité / SOFICO (Directive Bruit Routier MROAD - Flux certifié: 3 396 325 véh./an)
227,Waremme,Waremme 2,Rue de Huy - Waremme,Waremme,Huy,Liège,"50.6833442, 5.2487934",Y,Photo/0483cb9d.Photo.062405.jpg,,,https://remorquepublicitaire.be/remorque/227,18.0,Waremme,N65,HUY - WAREMME,11950,483975,Élevé (10-20s),[Zoning] Parc d'activités de Waremme (site 2) — Entrée d agglomération / zone 50-70 km/h / carrefours et commerces,SPW Mobilité / SOFICO (Directive Bruit Routier MROAD - Flux certifié: 4 357 735 véh./an)
230,Stavelot,Stavelot,N68 Route de Trois-Pont,Trois-Pont,Malmedy,Liège,"50.3862687, 5.9214999",Y,,,,,47.0,Stavelot,N68,AACHEN (D) - EUPEN - STAVELOT - DIEKIRCH (L),8200,332100,Moyen (5-10s),Axe régional fluide à vitesse modérée (70-90 km/h),SPW Mobilité (N68 Stavelot - Trois-Ponts BK 47)
301,Andenne,Sclayn pas de garage,N90 vers Sclayn,Namur,Andenne,Namur,"50.493674, 5.0608792",Y,Photo/a4c2bc12.Photo.085439.jpg,Photo/06aef410.Photo.130839.jpg,,https://remorquepublicitaire.be/remorque/301,89.0,Andenne,N90,MONS - CHARLEROI - NAMUR - LIEGE,11200,453600,Élevé (10-20s),[Zoning] Parc d'activités de Sclayn (Andenne) — Entrée d agglomération / zone 50-70 km/h / carrefours et commerces,SPW Mobilité / SOFICO (Directive Bruit Routier MROAD - Flux certifié: 4 088 365 véh./an)
302,Andenne,E42,Andenne-Eghezée,Andenne,Éghezée,Namur,"50.5162373, 5.0817333",N,Photo/302IN-Expert Literie-2021-07-15fcaa00.Photo.122915.jpg,Photo/302OUT-Quadrus-2021-07-db96d7a6.Photo.122924.jpg,,https://remorquepublicitaire.be/remorque/302,27.0,Andenne,N921,BIERWART (FERNELMONT) (PART.P) - CINEY,10500,425250,Élevé (10-20s),[Zoning] Parc d'activités d'Andenne (accès E42) — Entrée d agglomération / zone 50-70 km/h / carrefours et commerces,SPW Mobilité / SOFICO (N921 Chaussée de Louvain Andenne nord BK 27)
303,Andenne,Haute Bise,Andenne-Ciney,Ciney,Andenne,Namur,"50.4832583, 5.1068777",Y,Photo/303IN-Condroz Motor-2021-07-ea142f36.Photo.122858.jpg,Photo/303OUT-Plumart-2021-07-41a71cc8.Photo.122907.jpg,,https://remorquepublicitaire.be/remorque/303,23.0,Andenne,N921,BIERWART (FERNELMONT) (PART.P) - CINEY,6600,267300,Moyen (5-10s),[Zoning] Ecoparc de Haute-Bise (Andenne) — Axe régional fluide à vitesse modérée (70-90 km/h),SPW Mobilité (N921 Andenne sud / Haillot BK 23)
304,Andenne,Ohey,Andenne-Ciney,Andenne,Ciney,Namur,"50.4145111, 5.1230849",Y,Photo/304IN-Plumart-2021-07-0d36c396.Photo.122849.jpg,Photo/304OUT-Poils & Plumes-2021-07-fa11f991.Photo.112109.jpg,,https://remorquepublicitaire.be/remorque/304,13.0,Ohey,N921,BIERWART (FERNELMONT) (PART.P) - CINEY,4400,178200,Standard (3-5s),Section rurale dégagée à vitesse libre (90 km/h),SPW Mobilité (N921 Ohey / Jallet BK 13)
305,Andenne,Bierwart,Namur-Hannut,Fernelmont,Hannut,Namur,"50.5660903, 5.0467466",Y,Photo/305IN-Plumart-2021-07-78bb3927.Photo.122932.jpg,Photo/305OUT-Louez moi-2021-07-eed0b0fb.Photo.141028.jpg,,https://remorquepublicitaire.be/remorque/305,49.0,Burdinne,N80,NAMUR - HASSELT,6900,279450,Moyen (5-10s),Axe régional fluide à vitesse modérée (70-90 km/h),SPW Mobilité (N80 Burdinne / Héron BK 49)
306,Beauraing,Focant,Beauraing-Rochefort,Rochefort,Beauraing,Namur,"50.1394521, 5.0560848",Y,Photo/306IN-JM Karting-2021-07-72751c99.Photo.103948.jpg,Photo/306OUT-Coco max-2021-07-4a852abb.Photo.104026.jpg,,https://remorquepublicitaire.be/remorque/306,8.0,Beauraing,N911,ROCHEFORT - BEAURAING,5200,210600,Standard (3-5s),[Zoning] Parc d'activités de Beauraing / Focant — Section rurale dégagée à vitesse libre (90 km/h),SPW Mobilité (Réseau secondaire régional N911 - Comptages de voirie SPW)
307,Hamois,Hamois,Ciney-Havelange-Liège,Havelange,Ciney,Namur,"50.3254984, 5.1380244",Y,Photo/307IN-Condroz Motor-2021-07-4a4339da.Photo.134155.jpg,Photo/307OUT-Poils & Plumes-2021-07-2861ce53.Photo.133916.jpg,,https://remorquepublicitaire.be/remorque/307,49.0,Hamois,N97,PHILIPPEVILLE - TERWAGNE (CLAVIER)                (ROUTE CHARLEMAGNE),8600,348300,Moyen (5-10s),Axe régional fluide à vitesse modérée (70-90 km/h),SPW Mobilité / SOFICO (Directive Bruit Routier MROAD - Flux certifié: 3 147 030 véh./an)
308,Ciney,Barcène,Ciney-Rochefort (entrée Ciney),Ciney,Rochefort,Namur,"50.2752797, 5.0963554",Y,Photo/24951ce7.Photo.061152.jpg,Photo/308OUT-Poils & Plumes-2021-07-4533cac8.Photo.142034.jpg,,https://remorquepublicitaire.be/remorque/308,1.0,Ciney,N949,CINEY (N97) - ROCHEFORT,5200,210600,Élevé (10-20s),Entrée d agglomération / zone 50-70 km/h / carrefours et commerces,SPW Mobilité (Réseau secondaire régional N949 - Comptages de voirie SPW)
309,Ciney,Lienne Bas,Ciney-Andenne (entrée Ciney),Ciney Centre,Andenne,Namur,"50.305106, 5.0981109",Y,Photo/309IN-Expert Literie-2021-07-e8b46238.Photo.140235.jpg,Photo/309OUT-Occasion du Condroz-2021-07-3b7a4b88.Photo.140256.jpg,,https://remorquepublicitaire.be/remorque/309,1.0,Ciney,N921,BIERWART (FERNELMONT) (PART.P) - CINEY,5800,234900,Élevé (10-20s),[Zoning] Parc d'activités de Ciney - Lienne Bas — Entrée d agglomération / zone 50-70 km/h / carrefours et commerces,SPW Mobilité / PCM Ciney (N921 Entrée Ciney nord BK 1)
310,Ciney,Biron Bas,Sortie Ciney vers N4 et Liège,N4,Ciney,Namur,"50.3075497, 5.1194358",Y,Photo/310IN-Poils & Plumes-2021-07-f05e0d9b.Photo.095856.jpg,Photo/310OUT-Expert Literie-2021-07-efdb52ea.Photo.095904.jpg,,https://remorquepublicitaire.be/remorque/310,47.0,Ciney,N4,,9000,364500,Élevé (10-20s),[Zoning] Parc d'activités de Ciney - Biron — Entrée d agglomération / zone 50-70 km/h / carrefours et commerces,SPW Mobilité / SOFICO (N4 Bretelle sortie Ciney / N949 BK 47 - Flux certifié)
311,Ciney,N4 Sanseau,N4 Namur - Marche,Marche-en-Famenne,Namur,Namur,"50.3151511, 5.1351671",Y,Photo/311IN-Coco max-2021-07-c4135647.Photo.091839.jpg,Photo/311OUT-Poils & Plumes-2021-07-760a883e.Photo.095849.jpg,,https://remorquepublicitaire.be/remorque/311,84.0,Hamois,N4,BRUXELLES - NAMUR - ARLON - LUXEMBOURG (L),15200,615600,Élevé (10-20s),[Zoning] Parc d'activités de Ciney - Sanseau — Entrée d agglomération / zone 50-70 km/h / carrefours et commerces,SPW Mobilité / SOFICO (N4 Hamois / Emptinne / contournement Ciney BK 84)
312,Dinant,Sorinnes Achêne,N936 Dinant-Ciney,Ciney,Dinant,Namur,"50.2613961, 5.0129627",Y,Photo/312IN-Coco max-2021-07-14d171f9.Photo.071311.jpg,Photo/312OUT-Louez moi-2021-07-3e32a78b.Photo.070018.jpg,,https://remorquepublicitaire.be/remorque/312,6.0,Dinant,N936,HASTIERE - CINEY,5200,210600,Élevé (10-20s),Entrée d agglomération / zone 50-70 km/h / carrefours et commerces,SPW Mobilité / PCM Dinant (N936 Dinant sortie est BK 6)
313,Dinant,Sorinnes Hopital,N937 Dinant-Ciney,Dinant,Ciney,Namur,"50.261012, 4.9683081",Y,Photo/313IN-JM Karting-2021-07-7af7f364.Photo.143807.jpg,Photo/313OUT-Coco max-2021-07-94e5cf5e.Photo.144134.jpg,,https://remorquepublicitaire.be/remorque/313,9.0,Dinant,N936,HASTIERE - CINEY,4100,166050,Standard (3-5s),[Zoning] Parc d'activités de Dinant - Sorinnes — Section rurale dégagée à vitesse libre (90 km/h),SPW Mobilité (N936 Sorinne BK 9)
314,Dinant,Sorinnes Hopital 2,N937 Dinant-Ciney,Dinant,Ciney,Namur,"50.263099, 4.960991",Y,Photo/314IN-Expert Literie-2021-07-b648a6ef.Photo.143457.jpg,Photo/314OUT-Coco max-2021-07-9629f697.Photo.070635.jpg,,https://remorquepublicitaire.be/remorque/314,10.0,Dinant,N936,HASTIERE - CINEY,3800,153900,Standard (3-5s),Section rurale dégagée à vitesse libre (90 km/h),SPW Mobilité (N936 Foy-Notre-Dame BK 10)
315,Dinant,Anhée,N96 Dinant-Namur,Dinant,Namur,Namur,"50.3014964, 4.8903215",Y,Photo/315IN-Expert Literie-2021-07-8ac0fbbf.Photo.100414.jpg,Photo/315OUT-New Teck-2021-07-ebd1383c.Photo.100331.jpg,,https://remorquepublicitaire.be/remorque/315,2.0,Anhée,N96,GIVET (F) - DINANT - ANHEE (YVOIR),6200,251100,Moyen (5-10s),Axe régional fluide à vitesse modérée (70-90 km/h),SPW Mobilité (Axe mosan N96 Dinant - Namur rive gauche)
316,Dinant,Falmignoul,N95 Dinant-Beauraing,Beauraing,Dinant,Namur,"50.1907599, 4.898572",Y,Photo/316IN-Media See-2021-07-3cf980da.Photo.112705.jpg,Photo/316OUT-Louez moi-2021-07-d522d0e4.Photo.101347.jpg,,https://remorquepublicitaire.be/remorque/316,10.0,Dinant,N95,DINANT - MENUCHENET (BOUILLON),5400,218700,Standard (3-5s),Section rurale dégagée à vitesse libre (90 km/h),SPW Mobilité (Liaison N95 Dinant - Beauraing)
317,Dinant,Anthée,N97 Dinant-Philippeville,Philippeville,Dinant,Namur,"50.2407844, 4.7737902",Y,Photo/21cf2bfb.Photo.134838.jpg,Photo/317OUT-I Love Printing-2021-07-107c202e.Photo.093446.jpg,,https://remorquepublicitaire.be/remorque/317,18.0,Onhaye,N97,PHILIPPEVILLE - TERWAGNE (CLAVIER)                (ROUTE CHARLEMAGNE),6500,263250,Moyen (5-10s),Axe régional fluide à vitesse modérée (70-90 km/h),SPW Mobilité (N97 Onhaye vers Dinant BK 18)
318,Eghezée,Eghezée ,N643 Eghezée - Andenne,Andenne,Éghezée,Namur,"50.590045, 4.920695",Y,Photo/318IN-Green Robot-2021-07-c05b7370.Photo.081941.jpg,Photo/318OUT-Plumart-2021-07-a9e401d3.Photo.082006.jpg,,https://remorquepublicitaire.be/remorque/318,0.1,Eghezée,N643,EGHEZEE - WANZE,7650,309825,Moyen (5-10s),Axe régional fluide à vitesse modérée (70-90 km/h),SPW Mobilité (Liaison N643 Eghezée - Wanze)
319,Ciney,Lienne Haut,Ciney-Andenne (sortie Ciney),Andenne,Ciney,Namur,"50.3121467, 5.0986829",Y,,,,https://remorquepublicitaire.be/remorque/319,2.0,Ciney,N921,BIERWART (FERNELMONT) (PART.P) - CINEY,5400,218700,Élevé (10-20s),[Zoning] Parc d'activités de Ciney - Lienne Haut — Entrée d agglomération / zone 50-70 km/h / carrefours et commerces,SPW Mobilité / PCM Ciney (N921 Sortie Ciney nord BK 2)
320,Eghezée,Eghezée,N91 Chée de Namur,Eghezee,Namur,Namur,"50.581932, 4.9114519",Y,Photo/320IN-Tom & Co Eghezee-2021-07-029835ee.Photo.080144.jpg,Photo/320OUT-New Teck-2021-07-e6f6e443.Photo.080157.jpg,,https://remorquepublicitaire.be/remorque/320,13.0,Eghezée,N91,NAMUR - HAMME-MILLE (BEAUVECHAIN),8250,334125,Élevé (10-20s),[Zoning] Parc d'activités d'Eghezée — Entrée d agglomération / zone 50-70 km/h / carrefours et commerces,SPW Mobilité / SOFICO (Directive Bruit Routier MROAD - Flux certifié: 3 009 425 véh./an)
321,Eghezée,Longchamps N912,Saint-Denis - Eghezée,E411,Éghezée,Namur,"50.575197, 4.860442",Y,Photo/321IN-Green Robot-2021-07-6bdd0231.Photo.083954.jpg,Photo/321OUT-Plumart-2021-07-c64f9e15.Photo.084354.jpg,,https://remorquepublicitaire.be/remorque/321,4.0,Eghezée,N912,FARCIENNES - EGHEZEE,5100,206550,Standard (3-5s),[Zoning] Parc d'activités d'Eghezée - Longchamps — Section rurale dégagée à vitesse libre (90 km/h),SPW Mobilité (N912 Saint-Denis - Eghezée BK 4)
322,Gembloux,3 clés,Chée de Tirlemont,E411,Gembloux,Namur,"50.5734752, 4.6992597",N,Photo/322IN-Expert Literie-2021-07-af525f8d.Photo.071809.jpg,Photo/322OUT-VSP Burger-2021-07-a0a35dbc.Photo.141213.jpg,,https://remorquepublicitaire.be/remorque/322,38.0,Gembloux,N4,BRUXELLES - NAMUR - ARLON - LUXEMBOURG (L),17100,692550,Très Élevé (20-35s),[Zoning] Pôle d'activités Les 3 Clés (Gembloux) — Échangeur autoroutier / axe périurbain dense en congestion pendulaire,SPW Mobilité / SOFICO (N4 Chaussée de Tirlemont Gembloux BK 38 - Flux certifié)
323,Gembloux,Sauvenière 2,E411 vers Gembloux,Gembloux,E411,Namur,"50.580176, 4.707086",Y,Remorques_Images/1010.Photo-IN.124226.jpg,Remorques_Images/1010.Photo-OUT.124226.jpg,,https://remorquepublicitaire.be/remorque/323,26.0,Gembloux,N29,CHARLEROI - DIEST - BERINGEN (PART.P),14600,591300,Élevé (10-20s),Entrée d agglomération / zone 50-70 km/h / carrefours et commerces,SPW Mobilité / SOFICO (Directive Bruit Routier MROAD - Flux certifié: 5 321 335 véh./an)
324,Gembloux,Meux,Chée d'Eghezée,E411,Gembloux,Namur,"50.539585, 4.790066",Y,Photo/324IN-JM Karting-2021-07-d0ad07fb.Photo.141037.jpg,Photo/324OUT-Plumart-2021-07-1d20be1d.Photo.141045.jpg,,https://remorquepublicitaire.be/remorque/324,11.0,La Bruyère,N912,FARCIENNES - EGHEZEE,7950,321975,Élevé (10-20s),Entrée d agglomération / zone 50-70 km/h / carrefours et commerces,SPW Mobilité / SOFICO (Directive Bruit Routier MROAD - Flux certifié: 2 907 225 véh./an)
325,Gembloux,Corroy-le-Château,N29 Chée de Charleroi,Gembloux,Charleroi,Namur,"50.5416541,4.6493314",Y,Photo/325IN-Expert Literie-2021-07-39768caf.Photo.141146.jpg,Photo/325OUT-Quadrus-2021-07-7d76e158.Photo.141138.jpg,,https://remorquepublicitaire.be/remorque/325,21.0,Gembloux,N29,CHARLEROI - DIEST - BERINGEN (PART.P),15700,635850,Très Élevé (20-35s),Échangeur autoroutier / axe périurbain dense en congestion pendulaire,SPW Mobilité / SOFICO (Directive Bruit Routier MROAD - Flux certifié: 5 733 785 véh./an)
326,Gembloux,Carrefour Didi - Les Isnes,N912 - Route d'Éghezée,Eghezée,E42,Namur,"50.5136363, 4.7586424",Y,Photo/326IN-Continentis-2021-07-15fd41ab.Photo.141053.jpg,Photo/326OUT-New Teck-2021-07-c4431466.Photo.141111.jpg,,https://remorquepublicitaire.be/remorque/326,15.0,Gembloux,N912,FARCIENNES - EGHEZEE,5600,226800,Élevé (10-20s),Entrée d agglomération / zone 50-70 km/h / carrefours et commerces,SPW Mobilité / PCM Gembloux (N912 Route d'Eghezée Gembloux BK 15)
327,Gembloux,Carrefour Didi - Gembloux,N4 - Chée de Namur,Namur,Gembloux,Namur,"50.5208923, 4.7608459",Y,Photo/327IN-Plumart-2021-07-92083062.Photo.141130.jpg,Photo/327OUT-Institut Charles Péguy-2021-_12653400226386079186.Photo.071904.jpg,,https://remorquepublicitaire.be/remorque/327,46.0,Gembloux,N4,BRUXELLES - NAMUR - ARLON - LUXEMBOURG (L),17100,692550,Très Élevé (20-35s),Échangeur autoroutier / axe périurbain dense en congestion pendulaire,SPW Mobilité / SOFICO (N4 Chaussée de Namur Gembloux sud BK 46 - Flux certifié)
328,Gembloux,Sauvenière,Chée de Tirlemont,E411,Gembloux,Namur,"50.5816383, 4.7096707",Y,Photo/328IN-Green Robot-2021-07-9d40be8c.Photo.065824.jpg,Photo/bba50ec8.Photo.114310.jpg,,https://remorquepublicitaire.be/remorque/328,27.0,Gembloux,N29,CHARLEROI - DIEST - BERINGEN (PART.P),14600,591300,Très Élevé (20-35s),[Zoning] Zone d'activités de Sauvenière (Gembloux) — Échangeur autoroutier / axe périurbain dense en congestion pendulaire,SPW Mobilité / SOFICO (Directive Bruit Routier MROAD - Flux certifié: 5 321 335 véh./an)
329,Gembloux,Ernage/Walhain,N4 LLN - Gembloux,LLN,Gembloux,Namur,"50.6051349, 4.670823",Y,Photo/329IN-Expert Literie-2021-07-cc533001.Photo.141153.jpg,Photo/329OUT-Green Robot-2021-07-2dcc9720.Photo.141202.jpg,,https://remorquepublicitaire.be/remorque/329,34.0,Gembloux,N4,BRUXELLES - NAMUR - ARLON - LUXEMBOURG (L),15500,627750,Élevé (10-20s),Entrée d agglomération / zone 50-70 km/h / carrefours et commerces,SPW Mobilité / SOFICO (N4 Ernage / Gembloux nord BK 34 - Flux certifié)
330,Namur,Waret-La-Chée - Leuze,Eghezée-Namur,Eghezee,E411 (Champion),Namur,"50.536964, 4.9058462",Y,Photo/d62f0807.Photo.093934.jpg,Photo/330OUT-Plumart-2021-07-9e692b3c.Photo.073554.jpg,,https://remorquepublicitaire.be/remorque/330,8.0,Eghezée,N91,NAMUR - HAMME-MILLE (BEAUVECHAIN),9250,374625,Moyen (5-10s),Axe régional fluide à vitesse modérée (70-90 km/h),SPW Mobilité / SOFICO (Directive Bruit Routier MROAD - Flux certifié: 3 375 520 véh./an)
331,Namur,Bouge,Namur-Hannut,Hannut,Namur,Namur,"50.4862185, 4.9209107",Y,Photo/331IN-Plumart-2021-07-f55cdef1.Photo.070518.jpg,Photo/331OUT-Tonton tapis-2021-07-857ecb95.Photo.070433.jpg,,https://remorquepublicitaire.be/remorque/331,62.0,Namur,N80,NAMUR - HASSELT,12400,502200,Élevé (10-20s),Entrée d agglomération / zone 50-70 km/h / carrefours et commerces,SPW Mobilité / PCM Namur (N80 Champion / Namur nord BK 62)
332,Namur,Flawinne,Floreffe-Namur,Namur,Floreffe,Namur,"50.450562, 4.8107028",Y,Photo/332IN-Plumart-2021-07-d7ed8174.Photo.121941.jpg,Photo/332OUT-I Love Printing-2021-07-c25bad48.Photo.122017.jpg,,https://remorquepublicitaire.be/remorque/332,68.0,Namur,N90,MONS - CHARLEROI - NAMUR - LIEGE,16550,670275,Élevé (10-20s),[Zoning] Zone d'activités de Flawinne (Namur) — Entrée d agglomération / zone 50-70 km/h / carrefours et commerces,SPW Mobilité / SOFICO (Directive Bruit Routier MROAD - Flux certifié: 6 042 575 véh./an)
333,Namur,Malonne - Tonton Tapis,Namur-Floreffe,Floreffe,Namur,Namur,"50.4488541, 4.8304734",Y,Photo/333IN-Plumart-2021-07-29150047.Photo.123416.jpg,Photo/333OUT-New Teck-2021-07-0d31f823.Photo.123347.jpg,,https://remorquepublicitaire.be/remorque/333,69.0,Namur,N90,MONS - CHARLEROI - NAMUR - LIEGE,16550,670275,Élevé (10-20s),Entrée d agglomération / zone 50-70 km/h / carrefours et commerces,SPW Mobilité / SOFICO (Directive Bruit Routier MROAD - Flux certifié: 6 042 575 véh./an)
334,Namur,Rhisnes,Gembloux-Namur (entrée Namur),Namur,Gembloux,Namur,"50.4927261, 4.7878357",Y,Photo/334IN-Plumart-2021-07-f901c1af.Photo.084540.jpg,,,https://remorquepublicitaire.be/remorque/334,49.0,Namur,N4,BRUXELLES - NAMUR - ARLON - LUXEMBOURG (L),11500,465750,Élevé (10-20s),[Zoning] Parc scientifique Crealys / Rhisnes (Namur) — Entrée d agglomération / zone 50-70 km/h / carrefours et commerces,SPW Mobilité / SOFICO (N4 Entrée Namur nord / Belgrade BK 49 - Flux certifié)
335,Namur,Temploux,Sombreffe-Namur (entrée Namur),Namur,Nivelles,Namur,"50.4885326, 4.7495484",Y,Photo/335IN-Tonton tapis-2021-07-9c6e563a.Photo.084555.jpg,Photo/335OUT-Majois-2021-07-16a0e712.Photo.084548.jpg,,https://remorquepublicitaire.be/remorque/335,5.0,Namur,N93,NIVELLES - BELGRADE (NAMUR),6500,263250,Élevé (10-20s),[Zoning] Zone d'activités de Temploux (Aérodrome) — Entrée d agglomération / zone 50-70 km/h / carrefours et commerces,SPW Mobilité / SOFICO (Directive Bruit Routier MROAD - Flux certifié: 2 371 770 véh./an)
336,Namur,Bois de villers,Av les 6 bras Floreffe-Bois de Villers,Bois de Villers,Floreffe,Namur,"50.3922977, 4.7997178",Y,Photo/336IN-Quadrus-2021-07-eb6da9b9.Photo.104104.jpg,Photo/336OUT-Plumart-2021-07-7b154788.Photo.111120.jpg,,https://remorquepublicitaire.be/remorque/336,6.0,Profondeville,N928,FLOREFFE - BURNOT (PROFONDEVILLE),4300,174150,Standard (3-5s),Section rurale dégagée à vitesse libre (90 km/h),SPW Mobilité (Liaison N928 Floreffe - Bois-de-Villers)
337,Namur,Wépion Criée,St Gerard-Namur,Wépion,Bois de Villers,Namur,"50.4101372, 4.8409662",Y,Photo/337IN-Expert Literie-2021-07-b76fdcea.Photo.113137.jpg,Photo/337OUT-Majois-2021-07-0be77a91.Photo.113224.jpg,,https://remorquepublicitaire.be/remorque/337,3.0,Namur,N951,WEPION (NAMUR) - ANTHEE,4600,186300,Standard (3-5s),Section rurale dégagée à vitesse libre (90 km/h),SPW Mobilité (Liaison N951 Wépion - Saint-Gérard)
338,Namur,Floriffoux,N958 - Suarlée - Floreffe,Floreffe,Suarlée,Namur,"50.4645005, 4.7675327",Y,Photo/338IN-Gasiline-2021-07-e29b1b8b.Photo.130941.jpg,Photo/338OUT-Media See-2021-07-b2012cb5.Photo.132628.jpg,,https://remorquepublicitaire.be/remorque/338,2.0,Floreffe,N958,FLOREFFE - SUARLEE (NAMUR),12550,508275,Élevé (10-20s),[Zoning] Pôle d'activités de Floriffoux / Floreffe — Entrée d agglomération / zone 50-70 km/h / carrefours et commerces,SPW Mobilité / SOFICO (Directive Bruit Routier MROAD - Flux certifié: 4 573 450 véh./an)
339,Namur,Fosses la Ville,N922 vers Fosses la Ville,Fosses,Floreffe,Namur,"50.3986841, 4.72681",Y,Photo/339IN-Louez moi-2021-07-7f40fcfc.Photo.115612.jpg,Photo/339OUT-Louez moi-2021-07-dfbd9746.Photo.115657.jpg,,https://remorquepublicitaire.be/remorque/339,16.0,Fosses-la-Ville,N922,CHATELET - FLOREFFE,11400,461700,Élevé (10-20s),Entrée d agglomération / zone 50-70 km/h / carrefours et commerces,SPW Mobilité / SOFICO (Directive Bruit Routier MROAD - Flux certifié: 4 167 935 véh./an)
340,Namur,Naninne,N4 - Namur-Marche,Ciney,Namur,Namur,"50.415937, 4.9450598",Y,Photo/340IN-- Client non listé --2021-07-607c117b.Photo.082014.jpg,Photo/340OUT-- Client non listé --2021-07-8795ed9e.Photo.082057.jpg,,https://remorquepublicitaire.be/remorque/340,66.0,Assesse,N4,BRUXELLES - NAMUR - ARLON - LUXEMBOURG (L),24500,992250,Élevé (10-20s),[Zoning] Grand Parc d'activités de Naninne — Entrée d agglomération / zone 50-70 km/h / carrefours et commerces,SPW Mobilité / SOFICO (N4 Sart-Bernard / Assesse BK 66 - Comptages SPW)
341,Namur,Courrière,N4 - Namur-Marche,Ciney,Namur,Namur,"50.384916, 4.995912",Y,Photo/d1974317.Photo.080648.jpg,Photo/341OUT-Louez moi-2021-07-5fe2b37c.Photo.102401.jpg,,https://remorquepublicitaire.be/remorque/341,70.8,Assesse,N4,Patte d'oie 1 de la N004031,18500,749250,Élevé (10-20s),Entrée d agglomération / zone 50-70 km/h / carrefours et commerces,SPW Mobilité (N4 Courrière / Assesse BK 71 - Comptages SPW / PEREX)
342,Namur,Arville/Sart Bernard,N4 Ciney-Namur,Namur,Ciney,Namur,"50.4101432, 4.9550446",Y,Photo/342IN-Tonton tapis-2021-07-523878ad.Photo.081431.jpg,Photo/342OUT-Louez moi-2021-07-38968df6.Photo.081356.jpg,,https://remorquepublicitaire.be/remorque/342,66.5,Namur,N4,Jonction 1 de la N004421,24500,992250,Élevé (10-20s),Entrée d agglomération / zone 50-70 km/h / carrefours et commerces,SPW Mobilité / SOFICO (N4 Sart-Bernard / Assesse sud BK 67 - Comptages SPW)
343,Namur,Wierde,entre sortie E411 et rond pt Naninne,E411,Naninne,Namur,"50.4218746, 4.9412968",Y,Photo/343IN-Expert Literie-2021-07-dc5484f5.Photo.084519.jpg,Photo/343OUT-New Teck-2021-07-0eb47844.Photo.084257.jpg,,https://remorquepublicitaire.be/remorque/343,64.8,Namur,N941,STRUD (GESVES) - NANINNE (NAMUR),34500,1397250,Très Élevé (20-45s),[Zoning] Pôle commercial & zoning de Naninne (sortie E411 - 1) — Nœud giratoire / bouchons récurrents / zone commerciale majeure,SPW Mobilité / SOFICO (N4 Naninne - Échangeur E411 sortie 16 Naninne)
344,Namur,Wierde 2,entre sortie E411 et rond pt Naninne,E411,Naninne,Namur,"50.4208783, 4.9400127",Y,Photo/344IN-Quadrus-2021-07-818d133a.Photo.090611.jpg,Photo/344OUT-Usico-2021-07-c242118c.Photo.090407.jpg,,https://remorquepublicitaire.be/remorque/344,65.0,Namur,N4,BRUXELLES - NAMUR - ARLON - LUXEMBOURG (L),34500,1397250,Très Élevé (20-45s),[Zoning] Rond-point commercial & zoning de Naninne (2) — Nœud giratoire / bouchons récurrents / zone commerciale majeure,SPW Mobilité / SOFICO (N4 Naninne - Rond-point commercial BK 65)
345,Philippeville,Philippeville,Dinant-Philippeville,Dinant,Philippeville,Namur,"50.2043852, 4.5804821",Y,Photo/345IN-I Love Printing-2021-07-1bafff8d.Photo.135553.jpg,Photo/345OUT-Louez moi-2021-07-450f08ea.Photo.135520.jpg,,https://remorquepublicitaire.be/remorque/345,4.0,Philippeville,N97,PHILIPPEVILLE - TERWAGNE (CLAVIER)                (ROUTE CHARLEMAGNE),5800,234900,Standard (3-5s),Section rurale dégagée à vitesse libre (90 km/h),SPW Mobilité (N97 Philippeville est BK 4)
346,Mettet,Rond point circuit,Annevoie-Mettet,Circuit,Annevoie,Namur,"50.305536, 4.6635488",Y,Photo/346IN-- Client non listé --2021-07-0dae16d1.Photo.154420.jpg,Photo/346OUT-JM Karting-2021-07-c54e48a8.Photo.154413.jpg,,https://remorquepublicitaire.be/remorque/346,15.0,Mettet,N932,GODINNE (YVOIR) - FRAIRE (WALCOURT),3900,157950,Standard (3-5s),[Zoning] Pôle d'activités du Circuit de Mettet — Section rurale dégagée à vitesse libre (90 km/h),SPW Mobilité (Liaison N932 Annevoie - Mettet)
347,Marche,Sinsin,Namur-Marche,Marche,Namur,Namur,"50.2664714, 5.2477486",Y,Photo/24184419.Photo.183510.jpg,Photo/347OUT-- Client non listé --2021-07-5ce7d515.Photo.132621.jpg,,https://remorquepublicitaire.be/remorque/347,98.2,Somme-Leuze,N4,"LIAISON N929 A SOMME-LEUZE , SINSIN (SOMME-LEUZE) / ARLON - LUXEMBOURG (L)",13100,530550,Élevé (10-20s),Entrée d agglomération / zone 50-70 km/h / carrefours et commerces,SPW Mobilité (N4 Somme-Leuze / Hogne BK 98 - Trame régionale Famenne)
348,Marche,Baillonville,Liège-Marche,Liège,Marche-en-Famenne,Namur,"50.288265,5.348775",Y,Photo/348IN-- Client non listé --2021-07-c29ec1b2.Photo.122925.jpg,Photo/348OUT-Coco max-2021-07-fbfa4c2e.Photo.122742.jpg,,https://remorquepublicitaire.be/remorque/348,45.0,Somme-Leuze,N63,MARCHE-EN-FAMENNE - LIEGE (OUGREE),13000,526500,Élevé (10-20s),Entrée d agglomération / zone 50-70 km/h / carrefours et commerces,SPW Mobilité / SOFICO (Directive Bruit Routier MROAD - Flux certifié: 4 737 335 véh./an)
349,Marche,Chaussée de liège,N63 Chée de Liège,Marche,Liège,Namur,"50.25252, 5.3457687",Y,Photo/349IN-- Client non listé --2021-07-772e2dc8.Photo.124118.jpg,Photo/349OUT-Coco max-2021-07-76b7b0f9.Photo.124150.jpg,,https://remorquepublicitaire.be/remorque/349,49.0,Marche-en-Famenne,N63,MARCHE-EN-FAMENNE - LIEGE (OUGREE),13000,526500,Élevé (10-20s),[Zoning] Zone commerciale et d'activités de Marche (Chée Liège) — Entrée d agglomération / zone 50-70 km/h / carrefours et commerces,SPW Mobilité / SOFICO (Directive Bruit Routier MROAD - Flux certifié: 4 737 335 véh./an)
350,Marche,Wex,N839,Marche,N4 (Aye),Namur,"50.2381666, 5.3414369",Y,Photo/350IN-Coco max-2021-07-779ec914.Photo.130340.jpg,Photo/350OUT-Continentis-2021-07-dec97d21.Photo.130417.jpg,,https://remorquepublicitaire.be/remorque/350,1.0,Marche-en-Famenne,N839,CONTOURNEMENT NORD-OUEST DE MARCHE EN FAMENNE (N086-N836),13000,526500,Élevé (10-20s),[Zoning] Parc d'activités et centre d'exposition Wex (Marche) — Entrée d agglomération / zone 50-70 km/h / carrefours et commerces,SPW Mobilité / SOFICO (Directive Bruit Routier MROAD - Flux certifié: 4 737 335 véh./an)
351,Marche,Bourdon,N86 - Entre Hotton et Marche,Marche,Hotton,Namur,"50.2580763, 5.4210824",Y,Photo/351IN-Coco max-2021-07-e2b26c74.Photo.115944.jpg,Photo/351OUT-Louez moi-2021-07-ddfc157c.Photo.120006.jpg,,https://remorquepublicitaire.be/remorque/351,33.0,Hotton,N86,AYWAILLE - MARCHE-EN-FAMENNE - AVE-ET-AUFFE,9500,384750,Moyen (5-10s),Axe régional fluide à vitesse modérée (70-90 km/h),SPW Mobilité (Réseau structurant régional N86 - Comptages de voirie SPW)
352,Rochefort,Zonning,Axe Ciney Rochefort N949 Zoning ,Ciney,Rochefort,Namur,"50.1803352, 5.2105317",Y,Photo/352IN-Coco max-2021-07-73c85a85.Photo.110315.jpg,Photo/352OUT-Louez moi-2021-07-8ab34fd2.Photo.110241.jpg,,https://remorquepublicitaire.be/remorque/352,17.0,Rochefort,N949,CINEY (N97) - ROCHEFORT,5200,210600,Élevé (10-20s),[Zoning] Parc d'activités économiques de Rochefort — Entrée d agglomération / zone 50-70 km/h / carrefours et commerces,SPW Mobilité (Réseau secondaire régional N949 - Comptages de voirie SPW)
353,Rochefort,Hamerenne,N803 ,Saint-Hubert,Rochefort,Namur,"50.140178, 5.222276",Y,Photo/353IN-Coco max-2021-07-c77af153.Photo.112726.jpg,Photo/353OUT-Media See-2021-07-908b2660.Photo.112651.jpg,,https://remorquepublicitaire.be/remorque/353,18.0,Rochefort,N803,ROCHEFORT - ST-HUBERT,3800,153900,Standard (3-5s),[Zoning] Zone d'activités de Hargimont (Rochefort) — Section rurale dégagée à vitesse libre (90 km/h),SPW Mobilité / PCM Rochefort (N803 Rochefort - Han-sur-Lesse)
354,Basse Sambre,Sambreville 1,N98 Sambreville-Sombreffe,Sombreffe,Jemeppe-sur-Sambre,Namur,"50.4654396, 4.6316961",Y,Photo/354IN-Plumart-2021-07-b5033f3d.Photo.104525.jpg,Photo/354OUT-I Love Printing-2021-07-48779b78.Photo.104517.jpg,,https://remorquepublicitaire.be/remorque/354,5.0,Sambreville,N98,LIGNY (N29) (SOMBREFFE) - VODECEE (N40),21150,856575,Élevé (10-20s),Entrée d agglomération / zone 50-70 km/h / carrefours et commerces,SPW Mobilité / SOFICO (Directive Bruit Routier MROAD - Flux certifié: 7 722 670 véh./an)
355,Basse Sambre,Sambreville 2,N98 Sombreffe-Mettet,Mettet,E42 Velaine,Namur,"50.4652645, 4.6312375",Y,Photo/0963f8a3.Photo.141102.jpg,Photo/355OUT-Louez moi-2021-07-97d8022d.Photo.104505.jpg,,https://remorquepublicitaire.be/remorque/355,5.0,Sambreville,N98,LIGNY (N29) (SOMBREFFE) - VODECEE (N40),21150,856575,Élevé (10-20s),Entrée d agglomération / zone 50-70 km/h / carrefours et commerces,SPW Mobilité / SOFICO (Directive Bruit Routier MROAD - Flux certifié: 7 722 670 véh./an)
356,Basse Sambre,Moustier,N90 Sambreville-Floreffe/Namur,Namur,Charleroi,Namur,"50.4608517, 4.6859654",Y,Photo/356IN-Plumart-2021-07-35d49545.Photo.134046.jpg,Photo/356OUT-Louez moi-2021-07-c7182e63.Photo.134038.jpg,,https://remorquepublicitaire.be/remorque/356,54.0,Jemeppe-sur-Sambre,N90,MONS - CHARLEROI - NAMUR - LIEGE,19950,807975,Élevé (10-20s),[Zoning] Pôle industriel de Moustier-sur-Sambre (Basse-Sambre) — Entrée d agglomération / zone 50-70 km/h / carrefours et commerces,SPW Mobilité / SOFICO (Directive Bruit Routier MROAD - Flux certifié: 7 281 677 véh./an)
357,Havelange,Verlée,N983 Havelange - Durbuy,Durbuy,Havelange,Namur,"50.3674764, 5.2800542",Y,Photo/357IN-Coco max-2021-07-7075ea63.Photo.081346.jpg,Photo/357OUT-Louez moi-2021-07-8001d832.Photo.081353.jpg,,https://remorquepublicitaire.be/remorque/357,14.0,Havelange,N983,OHEY - BARVAUX (DURBUY),3600,145800,Standard (3-5s),Section rurale dégagée à vitesse libre (90 km/h),SPW Mobilité (Liaison N983 Havelange - Durbuy)
359,Florenne,Mettet,N98 Rue du Try Marie,Florennes,Mettet,Namur,"50.2798913, 4.6333607",Y,Photo/359IN-Continentis-2021-07-382f7161.Photo.154358.jpg,Photo/359OUT-Louez moi-2021-07-a1e7b293.Photo.154405.jpg,,https://remorquepublicitaire.be/remorque/359,28.0,Mettet,N98,LIGNY (N29) (SOMBREFFE) - VODECEE (N40),21150,856575,Très Élevé (20-35s),Échangeur autoroutier / axe périurbain dense en congestion pendulaire,SPW Mobilité / SOFICO (Axe N98 Basse-Sambre - Flux certifié: 7 722 670 véh./an)
360,Neuville,Philippeville-Couvin,N5 Philippeville-Couvin,Couvin,Philippeville,Namur,"50.1491228, 4.5040198",Y,Photo/360IN-Media See-2021-07-ff4fd348.Photo.131923.jpg,Photo/3fc123d1.Photo.104441.jpg,,https://remorquepublicitaire.be/remorque/360,81.0,Philippeville,N5,GERPINNES / BRUXELLES - REIMS <7>,13150,532575,Élevé (10-20s),Entrée d agglomération / zone 50-70 km/h / carrefours et commerces,SPW Mobilité / SOFICO (Directive Bruit Routier MROAD - Flux certifié: 4 798 290 véh./an)
361,Lacs de l'Eau d'Heure,Silenrieux,N40 Rue de Beaumont,Silenrieux,Philippeville,Namur,"50.223312, 4.424686",Y,Remorques_Images/1002.Photo-IN.123113.jpg,Remorques_Images/1002.Photo-OUT.123113.jpg,,https://remorquepublicitaire.be/remorque/361,123.0,Cerfontaine,N40,ARLON - MONS,5200,210600,Élevé (10-20s),Entrée d agglomération / zone 50-70 km/h / carrefours et commerces,SPW Mobilité / PCM Cerfontaine (N40 Lacs de l'Eau d'Heure BK 123)
362,Couvin,Pesche,N99 Couvin - Chimay,Chimay,Couvin,Namur,"50.050896, 4.461401",N,Remorques_Images/1001.Photo-IN.154626.jpg,Remorques_Images/1001.Photo-OUT.154626.jpg,,https://remorquepublicitaire.be/remorque/362,27.0,Couvin,N99,DOISCHE - COUVIN - CHIMAY - HIRSON (F),9550,386775,Moyen (5-10s),Axe régional fluide à vitesse modérée (70-90 km/h),SPW Mobilité / SOFICO (Directive Bruit Routier MROAD - Flux certifié: 3 482 465 véh./an)
363,Namur,Erpent,N4 Marche - Namur,Namur,Marche-en-Famenne,Namur,"50.428248, 4.926309",Y,Remorques_Images/1011.Photo-IN.145716.jpg,Remorques_Images/1011.Photo-OUT.145716.jpg,,https://remorquepublicitaire.be/remorque/363,64.0,Namur,N4,BRUXELLES - NAMUR - ARLON - LUXEMBOURG (L),34500,1397250,Très Élevé (20-45s),Nœud giratoire / bouchons récurrents / zone commerciale majeure,SPW Mobilité / SOFICO (N4 Wierde / Naninne nord BK 64 - Station permanente Naninne)
364,Rochefort (à placer),Ciergnon,N911 Rochefort - E411,,,Namur,,N,,,,,20.0,Rochefort,N911,,4200,170100,Standard (3-5s),Section rurale dégagée à vitesse libre (90 km/h),SPW Mobilité (Liaison N911 Rochefort - Beauraing - Échangeur E411 Wanlin)
365,Namur,Courrière 2,N4 - Namur - Ciney,Ciney,Namur,Namur,"50.384916, 4.995912",Y,,,,https://remorquepublicitaire.be/remorque/341,70.8,Assesse,N4,Patte d'oie 1 de la N004031,18500,749250,Élevé (10-20s),Entrée d agglomération / zone 50-70 km/h / carrefours et commerces,SPW Mobilité (N4 Courrière / Assesse BK 71 - Comptages SPW / PEREX)
367,Hamois,Hamois 2,Ciney-Havelange-Liège,Ciney,Havelange,Namur,"50.3254984, 5.1380244",Y,Photo/307IN-Condroz Motor-2021-07-4a4339da.Photo.134155.jpg,Photo/307OUT-Poils & Plumes-2021-07-2861ce53.Photo.133916.jpg,,https://remorquepublicitaire.be/remorque/307,49.0,Hamois,N97,PHILIPPEVILLE - TERWAGNE (CLAVIER)                (ROUTE CHARLEMAGNE),8600,348300,Moyen (5-10s),Axe régional fluide à vitesse modérée (70-90 km/h),SPW Mobilité / SOFICO (Directive Bruit Routier MROAD - Flux certifié: 3 147 030 véh./an)
401,Charleroi,Chatelet,N922 Rue de Namur vers Châtelet,Charleroi,Chatelet,Hainaut,"50.3947959, 4.5457488",Y,Photo/401IN-BSB group-2021-07-2c1d2fb3.Photo.122124.jpg,Photo/401OUT-BSB group-2021-07-ab86a4dd.Photo.122137.jpg,,https://remorquepublicitaire.be/remorque/401,1.0,Châtelet,N922,CHATELET - FLOREFFE,6000,243000,Élevé (10-20s),Entrée d agglomération / zone 50-70 km/h / carrefours et commerces,SPW Mobilité / SOFICO (Directive Bruit Routier MROAD - Flux certifié: 2 188 540 véh./an)
402,Charleroi,Farcienne,Basse Sambre N 90,Charleroi,Sambreville,Hainaut,"50.4426897, 4.5487261",Y,Photo/402IN-Quadrus-2021-07-e7bef4f5.Photo.104539.jpg,Photo/67d28577.Photo.091104.jpg,,https://remorquepublicitaire.be/remorque/402,43.8,Farciennes,N90,RUE DU PETIT TRY A FARCIENNES / NAMUR - CHARLEROI,30850,1249425,Élevé (10-20s),[Zoning] Parc d'activités de Farciennes (Basse-Sambre) — Entrée d agglomération / zone 50-70 km/h / carrefours et commerces,SPW Mobilité / SOFICO (Directive Bruit Routier MROAD - Flux certifié: 11 268 280 véh./an)
403,Charleroi,Nalinnes,N5 dir Charleroi,Couvin,Charleroi,Hainaut,"50.327303, 4.4761777",Y,Photo/8d2e5eb5.Photo.105546.jpg,Photo/403OUT-Plumart-2021-07-34bd76b7.Photo.122146.jpg,,https://remorquepublicitaire.be/remorque/403,59.0,Gerpinnes,N5,REIMS - CHARLEROI - BRUXELLES,44600,1806300,Très Élevé (20-45s),Nœud giratoire / bouchons récurrents / zone commerciale majeure,SPW Mobilité / SOFICO (Directive Bruit Routier MROAD - Flux certifié: 16 283 964 véh./an)
404,Charleroi,Gosselies aéroport,N568 Charleroi Airport,Aeroport,E420 (Ransart),Hainaut,"50.4587762, 4.460299",Y,Photo/404IN-Majois-2021-07-a12b2eee.Photo.122108.jpg,Photo/404OUT-Plumart-2021-07-eb5dcee4.Photo.122115.jpg,,https://remorquepublicitaire.be/remorque/404,2.0,Charleroi,N568,FARCIENNES - JUMET,8600,348300,Très Élevé (20-35s),[Zoning] Aéropole & Pôle d'activités de Gosselies (Airport) — Échangeur autoroutier / axe périurbain dense en congestion pendulaire,SPW Mobilité / PCM Charleroi (N568 Accès BSCA Charleroi Airport)
405,Thuin,Thuin N59,Gozée venant de Thuin,Charleroi,Thuin,Hainaut,"50.3384483, 4.326508",Y,Photo/405IN-JM Karting-2021-07-aba2de86.Photo.122153.jpg,Photo/405OUT-Louez moi-2021-07-b44c0f26.Photo.122200.jpg,,https://remorquepublicitaire.be/remorque/405,29.0,Thuin,N59,FELUY (A7) - GOZEE (THUIN),8200,332100,Moyen (5-10s),Axe régional fluide à vitesse modérée (70-90 km/h),SPW Mobilité / SOFICO (Directive Bruit Routier MROAD - Flux certifié: 3 000 008 véh./an)
406,Gozée,N53  Charleroi - Beaumont,Entre Gozée et Thuillies,Charleroi,Beaumont,Hainaut,"50.3166654, 4.3336892",Y,Photo/c9da34e4.Photo.134524.jpg,Photo/be3a2e41.Photo.103639.jpg,,https://remorquepublicitaire.be/remorque/406,13.0,Thuin,N53,CHARLEROI - CHIMAY,8900,360450,Moyen (5-10s),Axe régional fluide à vitesse modérée (70-90 km/h),SPW Mobilité / SOFICO (Directive Bruit Routier MROAD - Flux certifié: 3 246 310 véh./an)
407,Anderlues,Morlanwelz 1,N59 Chée de Bascoup,E42,Anderlues,Hainaut,"50.450277, 4.277907",Y,Remorques_Images/407.Photo-IN.084850.jpg,Remorques_Images/407.Photo-OUT.084850.jpg,,https://remorquepublicitaire.be/remorque/407,12.0,Chapelle-lez-Herlaimont,N59,FELUY (A7) - GOZEE (THUIN),16400,664200,Très Élevé (20-35s),Échangeur autoroutier / axe périurbain dense en congestion pendulaire,SPW Mobilité / SOFICO (Directive Bruit Routier MROAD - Flux certifié: 5 984 540 véh./an)
408,Anderlues,Morlanwelz 2,N59 Chée de Bascoup,E42,Anderlues,Hainaut,"50.446291, 4.277443",Y,,,,https://remorquepublicitaire.be/remorque/408,12.0,Morlanwelz,N59,FELUY (A7) - GOZEE (THUIN),16400,664200,Très Élevé (20-35s),Échangeur autoroutier / axe périurbain dense en congestion pendulaire,SPW Mobilité / SOFICO (Directive Bruit Routier MROAD - Flux certifié: 5 984 540 véh./an)
409,Nivelles,Buzet,Chaussée de Nivelles,Charleroi,Nivelles,Hainaut,"50.528210, 4.390000",Y,Remorques_Images/409.Photo-IN.162204.jpg,Remorques_Images/409.Photo-OUT.162204.jpg,,https://remorquepublicitaire.be/remorque/409,9.0,Pont-à-Celles,N586,FLEURUS (PART.P) - NIVELLES,5400,218700,Élevé (10-20s),Entrée d agglomération / zone 50-70 km/h / carrefours et commerces,SPW Mobilité / PCM Pont-à-Celles (N586 Chaussée de Nivelles)
415,Binche,Péronnes-lez-Binche,N55 Rue Saint-Pie,La Louvière,Binche,Hainaut,"50.416229, 4.182588",Y,,,,,33.0,Binche,N55,ENGHIEN - LA LOUVIERE - SOLRE-SUR-SAMBRE (ERQUELINNES) (PART.P),8200,332100,Élevé (10-20s),Entrée d agglomération / zone 50-70 km/h / carrefours et commerces,SPW Mobilité / SOFICO (Directive Bruit Routier MROAD - Flux certifié: 3 000 008 véh./an)
501,Habay-La-Neuve,Truck center,N87 Rue Belle-vue,Étalle,Habay-La-Neuve,Luxembourg,"49.702853, 5.622425",Y,Photo/0213a765.Photo.172411.jpg,Photo/6fde95d8.Photo.172259.jpg,,https://remorquepublicitaire.be/remorque/501,13.5,Habay,N837,LIAISON N897 HOUDEMONT - N087 A HABAY,3800,153900,Élevé (10-20s),Entrée d agglomération / zone 50-70 km/h / carrefours et commerces,SPW Mobilité / PCM Habay (N837 Liaison Habay - Anlier)
502,Bastogne,Entre Foy et Noville,N30 route Bastogne-Houffalize,Houffalize,Bastogne,Luxembourg,"50.0530212, 5.7543602",Y,Photo/4efb459a.Photo.172356.jpg,Photo/2da58b92.Photo.141549.jpg,,https://remorquepublicitaire.be/remorque/502,80.0,Bastogne,N30,LIEGE - BASTOGNE,9150,370575,Moyen (5-10s),Axe régional fluide à vitesse modérée (70-90 km/h),SPW Mobilité / SOFICO (Directive Bruit Routier MROAD - Flux certifié: 3 337 268 véh./an)
503,Bastogne,Bras 1,N84 route Bastogne-Wiltz,Luxembourg,Bastogne,Luxembourg,"49.9848758, 5.8040964",N,Photo/75a83355.Photo.110754.jpg,Photo/c067714a.Photo.151450.jpg,,https://remorquepublicitaire.be/remorque/503,9.0,Bastogne,N84,BASTOGNE - ETTELBRUCK (L),7900,319950,Moyen (5-10s),Axe régional fluide à vitesse modérée (70-90 km/h),SPW Mobilité / SOFICO (Directive Bruit Routier MROAD - Flux certifié: 2 892 625 véh./an)
504,Bastogne,Bras 2,N84 route Bastogne-Wiltz,Luxembourg,Bastogne,Luxembourg,"49.9853027, 5.8088424",N,Photo/612289b1.Photo.145915.jpg,Photo/32ec5a29.Photo.150025.jpg,,https://remorquepublicitaire.be/remorque/504,10.0,Bastogne,N84,BASTOGNE - ETTELBRUCK (L),7900,319950,Moyen (5-10s),Axe régional fluide à vitesse modérée (70-90 km/h),SPW Mobilité / SOFICO (Directive Bruit Routier MROAD - Flux certifié: 2 892 625 véh./an)
505,Bastogne,Neffe,N874 route Bastogne-Clervaux,Clervaux,Bastogne,Luxembourg,"50.0060471, 5.7585364",Y,,Photo/ddf8b83c.Photo.144152.jpg,,https://remorquepublicitaire.be/remorque/505,3.0,Bastogne,N874,ALLERBORN (L) - BASTOGNE,4400,178200,Standard (3-5s),Section rurale dégagée à vitesse libre (90 km/h),SPW Mobilité (Liaison N874 Bastogne - Clervaux)
506,Bouillon,Noirefontaine,N865 route Libramont-Bouillon,Bouillon,Libramont,Luxembourg,"49.8167382, 5.0860316",Y,Photo/9db91dbe.Photo.110317.jpg,Photo/487ba7d2.Photo.080554.jpg,,https://remorquepublicitaire.be/remorque/506,8.0,Bouillon,N89,SEDAN (F) - LIBRAMONT(N004 - TENNEVILLE) LA ROCHE - SALMCHATEAU (VIELSALM),10700,433350,Élevé (10-20s),Entrée d agglomération / zone 50-70 km/h / carrefours et commerces,SPW Mobilité / SOFICO (N89 Bouillon BK 8 - Flux certifié: 3 912 435 véh./an)
507,La Roche en Ardenne,Vecmont,Vecmont N89,Saint-Hubert,La Roche en Ardenne,Luxembourg,"50.1551922, 5.52465",Y,Photo/95973090.Photo.130628.jpg,Photo/e56ffcbf.Photo.130726.jpg,,https://remorquepublicitaire.be/remorque/507,64.0,La Roche-en-Ardenne,N89,SEDAN (F) - LIBRAMONT(N004 - TENNEVILLE) LA ROCHE - SALMCHATEAU (VIELSALM),5800,234900,Standard (3-5s),Section rurale dégagée à vitesse libre (90 km/h),SPW Mobilité (N89 Vecmont / La Roche-en-Ardenne BK 64)
508,Etalle,Vance,N83 Route d'Arlon La Brelotte,Étalle,Arlon,Luxembourg,"49.6756266, 5.6229401",Y,Photo/3412de8c.Photo.085846.jpg,Photo/12a3337c.Photo.085806.jpg,,https://remorquepublicitaire.be/remorque/508,13.0,Etalle,N83,ARLON - BOUILLON,8600,348300,Moyen (5-10s),Axe régional fluide à vitesse modérée (70-90 km/h),SPW Mobilité / SOFICO (Directive Bruit Routier MROAD - Flux certifié: 3 135 715 véh./an)
509,Gouvy,Cherain,N82 route Houffalize-Gouvy,Gouvy,Houffalize,Luxembourg,"50.1776961, 5.8524861",Y,Photo/9d4d61e8.Photo.085937.jpg,Photo/26775c74.Photo.085917.jpg,,https://remorquepublicitaire.be/remorque/509,6.0,Gouvy,N827,HOUFFALIZE - SCHIRM (BURG-REULAND),3700,149850,Standard (3-5s),Section rurale dégagée à vitesse libre (90 km/h),SPW Mobilité (Liaison N827 Houffalize - Gouvy)
510,Libramont,Verlaine,N40 route Libramont-Neufchateau,Neufchateau,Libramont,Luxembourg,"49.872283, 5.416942",Y,Photo/b78c2e7f.Photo.072728.jpg,Photo/0b667c10.Photo.072817.jpg,,https://remorquepublicitaire.be/remorque/510,40.0,Neufchâteau,N40,ARLON - MONS,6400,259200,Moyen (5-10s),[Zoning] ZAE Libramont-Recogne 1 (N40) — Axe régional fluide à vitesse modérée (70-90 km/h),SPW Mobilité (N40 Neufchâteau BK 40)
511,Libramont,Recogne 2,N89 route Barrière de Champlon-Libramont,Libramont,La Roche en Ardenne,Luxembourg,"49.9176821, 5.3522059",N,Photo/a724f741.Photo.110526.jpg,Photo/cacd450a.Photo.110441.jpg,,https://remorquepublicitaire.be/remorque/511,33.0,Libramont-Chevigny,N89,SEDAN (F) - LIBRAMONT(N004 - TENNEVILLE) LA ROCHE - SALMCHATEAU (VIELSALM),9600,388800,Élevé (10-20s),[Zoning] ZAE Libramont-Recogne 2 (N89) — Entrée d agglomération / zone 50-70 km/h / carrefours et commerces,SPW Mobilité (N89 Recogne / Libramont BK 33 - Échangeur E411/N89)
512,Tenneville,Tenneville,N4 route Marche-Bastogne,Bastogne,Marche-en-Famenne,Luxembourg,"50.092434, 5.5064901",Y,Photo/f7a66695.Photo.090034.jpg,Photo/41c2d889.Photo.090005.jpg,,https://remorquepublicitaire.be/remorque/512,123.0,Tenneville,N4,BRUXELLES - NAMUR - ARLON - LUXEMBOURG (L),10100,409050,Élevé (10-20s),Entrée d agglomération / zone 50-70 km/h / carrefours et commerces,SPW Mobilité / SOFICO (N4 Tenneville BK 123 - Flux certifié: 3 694 895 véh./an)
513,Saint Vith,Hotel Furellenhof ,N62 vers le Luxembourg,Luxembourg,Saint-Vith,Luxembourg,"50.2454228, 6.0965757",Y,Photo/5dd7339c.Photo.172310.jpg,Photo/05d5d7a9.Photo.173457.jpg,,https://remorquepublicitaire.be/remorque/513,68.0,Saint-Vith,N62,DIEKIRCH (L) - ST VITH - BEAUFAYS,11050,447525,Élevé (10-20s),Entrée d agglomération / zone 50-70 km/h / carrefours et commerces,SPW Mobilité / SOFICO (Directive Bruit Routier MROAD - Flux certifié: 4 029 600 véh./an)
514,Burg Reuland,East Karting ,N62 vers Saintt Vith,Saint Vith,Luxembourg,Luxembourg,"50.2380225, 6.0893461",Y,Photo/518a33f8.Photo.110645.jpg,,,https://remorquepublicitaire.be/remorque/514,69.0,Burg-Reuland,N62,DIEKIRCH (L) - ST VITH - BEAUFAYS,11050,447525,Élevé (10-20s),Entrée d agglomération / zone 50-70 km/h / carrefours et commerces,SPW Mobilité / SOFICO (Directive Bruit Routier MROAD - Flux certifié: 4 029 600 véh./an)
515,Burg Reuland,Durler ,N62,Saint Vith,Luxembourg,Luxembourg,"50.1864985, 6.0723991",Y,Photo/09a91565.Photo.111457.jpg,,,https://remorquepublicitaire.be/remorque/515,76.0,Burg-Reuland,N62,DIEKIRCH (L) - ST VITH - BEAUFAYS,8200,332100,Moyen (5-10s),Axe régional fluide à vitesse modérée (70-90 km/h),SPW Mobilité / SOFICO (Directive Bruit Routier MROAD - Flux certifié: 3 000 008 véh./an)
516,Deiffelt,Relais du Campagnard,N68 ,Luxembourg,Deiffelt,Luxembourg,"50.18796, 6.01738",Y,,,,https://remorquepublicitaire.be/remorque/516,82.0,Gouvy,N68,AACHEN (D) - EUPEN - STAVELOT - DIEKIRCH (L),4200,170100,Standard (3-5s),Section rurale dégagée à vitesse libre (90 km/h),SPW Mobilité (N68 Deiffelt BK 82)
517,Beho,Silot 1,N68 vers Luxembourg,Luxembourg,Salm Château,Luxembourg,"50.216751, 5.9803426",Y,,Photo/2733acfe.Photo.101024.jpg,,https://remorquepublicitaire.be/remorque/517,77.0,Gouvy,N68,AACHEN (D) - EUPEN - STAVELOT - DIEKIRCH (L),5800,234900,Standard (3-5s),Section rurale dégagée à vitesse libre (90 km/h),SPW Mobilité (N68 Beho vers Luxembourg BK 77)
518,Beho,Silot 2,N68 vers Salm Château,Salm Château,Luxembourg,Luxembourg,"50.2167579, 5.980753",Y,Photo/0e3a21dc.Photo.102308.jpg,Photo/c5f61d28.Photo.102342.jpg,,https://remorquepublicitaire.be/remorque/518,77.0,Gouvy,N68,AACHEN (D) - EUPEN - STAVELOT - DIEKIRCH (L),5800,234900,Standard (3-5s),Section rurale dégagée à vitesse libre (90 km/h),SPW Mobilité (N68 Beho vers Salmchâteau BK 77)
519,Vielsam,Hebronval,N89,Baraque Fraiture,Vielsam,Luxembourg,"50.26126, 5.82579",Y,,Photo/fda13c0a.Photo.120648.jpg,,https://remorquepublicitaire.be/remorque/519,94.0,Vielsalm,N89,SEDAN (F) - LIBRAMONT(N004 - TENNEVILLE) LA ROCHE - SALMCHATEAU (VIELSALM),4800,194400,Standard (3-5s),Section rurale dégagée à vitesse libre (90 km/h),SPW Mobilité (N89 Vielsalm nord / Salmchâteau BK 94)
520,Vielsam,Regné,N89,Vielsam,Baraque de Fraiture,Luxembourg,"50.252555, 5.787834",Y,,Photo/520OUT-Plumart-2021-07-7f90e189.Photo.131505.jpg,,https://remorquepublicitaire.be/remorque/520,91.0,Vielsalm,N89,SEDAN (F) - LIBRAMONT(N004 - TENNEVILLE) LA ROCHE - SALMCHATEAU (VIELSALM),5900,238950,Élevé (10-20s),Entrée d agglomération / zone 50-70 km/h / carrefours et commerces,SPW Mobilité / PCM Vielsalm (N89 Vielsalm centre BK 91)
521,Vielsam,Fraiture,N89,Baraque Fraiture,Vielsam,Luxembourg,"50.249421, 5.756968",Y,Photo/9c08c48d.Photo.110729.jpg,Photo/9317fa01.Photo.090207.jpg,,https://remorquepublicitaire.be/remorque/521,89.0,Vielsalm,N89,SEDAN (F) - LIBRAMONT(N004 - TENNEVILLE) LA ROCHE - SALMCHATEAU (VIELSALM),5200,210600,Standard (3-5s),Section rurale dégagée à vitesse libre (90 km/h),SPW Mobilité (N89 Vielsalm sud / Baraque de Fraiture BK 89)
524,Libramont,Recogne,N40,Neufchateau,Libramont,Luxembourg,"49.904828, 5.371937",N,,,,https://remorquepublicitaire.be/remorque/524,45.0,Libramont-Chevigny,N40,ARLON - MONS,8200,332100,Élevé (10-20s),Entrée d agglomération / zone 50-70 km/h / carrefours et commerces,SPW Mobilité / PCM Libramont (N40 Libramont entrée ouest BK 45)
525,Durbuy,Grandhan,N929,Durbuy,Baillonville,Luxembourg,"50.304441, 5.386318",Y,Remorques_Images/1000.Photo-IN.125300.jpg,Remorques_Images/1000.Photo-OUT.125300.jpg,,https://remorquepublicitaire.be/remorque/525,45.0,Somme-Leuze,N929,GRANDHAN (DURBUY) - DION (BEAURAING),3600,145800,Standard (3-5s),Section rurale dégagée à vitesse libre (90 km/h),SPW Mobilité (Liaison N929 Somme-Leuze - Baillonville)
526,Durbuy,Barvaux,Route de Marche,Aywaille,Marche-en-Famenne,Luxembourg,"50.3415071, 5.4859946",Y,,,,,22.0,Durbuy,N86,AYWAILLE - MARCHE-EN-FAMENNE - AVE-ET-AUFFE,9500,384750,Moyen (5-10s),Axe régional fluide à vitesse modérée (70-90 km/h),SPW Mobilité (Réseau structurant régional N86 - Comptages de voirie SPW)
527,Tenneville,Moriville,N4 entre Barrière Hinck et Tenneville,Tenneville,Barrière Hinck,Luxembourg,"50.064811, 5.539296",Y,Remorques_Images/527.Photo-IN.132339.jpg,,,https://remorquepublicitaire.be/remorque/527,129.0,Sainte-Ode,N4,BRUXELLES - NAMUR - ARLON - LUXEMBOURG (L),9800,396900,Moyen (5-10s),Axe régional fluide à vitesse modérée (70-90 km/h),SPW Mobilité / SOFICO (N4 Sainte-Ode / Barrière Hinck BK 129 - Flux certifié)
530,Arlon,Wolberg,N4 Arlon - Stienfort,Arlon,Stienfort,Luxembourg,"49.658113, 5.863581",Y,,,,https://remorquepublicitaire.be/remorque/530,186.0,Arlon,N4,BRUXELLES - NAMUR - ARLON - LUXEMBOURG (L),9150,370575,Moyen (5-10s),Axe régional fluide à vitesse modérée (70-90 km/h),SPW Mobilité / SOFICO (N4 Arlon - Steinfort BK 186 - Flux certifié: 3 338 290 véh./an)
P2,Charleroi,Bultia,N5,Charleroi,Philippeville,Hainaut,"50.362877, 4.469691",Y,,,,,,,,,,0,,,
231,Aywaille,Houssonloge,N30b - E25 Sortie 47,Aywaille,Stoumont,Liège,"50.427065, 5.693695",Y,,,,https://remorquepublicitaire.be/remorque/231,0.8,Aywaille,N30B,,9800,396900,Très Élevé (20-35s),Échangeur autoroutier / axe périurbain dense en congestion pendulaire,SPW Mobilité / SOFICO (N30b Échangeur E25 Sortie 47 Aywaille - Comptages SPW)